,season,league_name,player,nationality,position,team,age,birth_year,gk_games,gk_games_starts,gk_minutes,minutes_90s,gk_goals_against,gk_goals_against_per90,gk_shots_on_target_against,gk_saves,gk_save_pct,gk_wins,gk_ties,gk_losses,gk_clean_sheets,gk_clean_sheets_pct,gk_pens_att,gk_pens_allowed,gk_pens_saved,gk_pens_missed,gk_pens_save_pct,gk_free_kick_goals_against,gk_corner_kick_goals_against,gk_own_goals_against,gk_psxg,gk_psnpxg_per_shot_on_target_against,gk_psxg_net,gk_psxg_net_per90,gk_passes_completed_launched,gk_passes_launched,gk_passes_pct_launched,gk_passes,gk_passes_throws,gk_pct_passes_launched,gk_passes_length_avg,gk_goal_kicks,gk_pct_goal_kicks_launched,gk_goal_kick_length_avg,gk_crosses,gk_crosses_stopped,gk_crosses_stopped_pct,gk_def_actions_outside_pen_area,gk_def_actions_outside_pen_area_per90,gk_avg_distance_def_actions
0,2023-2024,Premier-League,Alisson,br BRA,GK,Liverpool,31-152,1992,21.0,21.0,1890.0,21.0,19.0,0.9,73.0,55.0,75.3,13.0,6.0,2.0,7.0,33.3,1.0,1.0,0.0,0.0,0.0,0.0,2.0,1.0,18.9,0.25,0.9,0.04,54.0,159.0,34.0,791.0,100.0,15.3,25.2,103.0,36.9,34.6,234.0,12.0,5.1,26.0,1.24,17.1
1,2023-2024,Premier-League,Alphonse Areola,fr FRA,GK,West Ham,31-004,1993,23.0,23.0,2024.0,22.5,37.0,1.65,130.0,93.0,74.6,9.0,6.0,8.0,4.0,17.4,5.0,4.0,1.0,0.0,20.0,0.0,2.0,1.0,36.9,0.25,0.9,0.04,119.0,324.0,36.7,468.0,102.0,44.9,37.0,176.0,64.8,45.8,357.0,19.0,5.3,3.0,0.13,9.0
2,2023-2024,Premier-League,Daniel Bentley,eng ENG,GK,Wolves,30-233,1993,3.0,2.0,248.0,2.8,3.0,1.09,10.0,7.0,70.0,1.0,0.0,1.0,1.0,50.0,0.0,0.0,0.0,0.0,0.0,0.0,0.0,0.0,2.5,0.25,-0.5,-0.2,9.0,34.0,26.5,62.0,7.0,35.5,32.9,25.0,48.0,36.0,39.0,0.0,0.0,1.0,0.36,10.6
3,2023-2024,Premier-League,Martin Dúbravka,sk SVK,GK,Newcastle Utd,35-047,1989,12.0,11.0,995.0,11.1,27.0,2.44,79.0,51.0,69.6,3.0,2.0,6.0,2.0,18.2,4.0,3.0,1.0,0.0,25.0,0.0,1.0,0.0,29.8,0.33,2.8,0.25,30.0,89.0,33.7,251.0,75.0,18.7,26.9,88.0,47.7,36.9,166.0,11.0,6.6,10.0,0.9,11.5
4,2023-2024,Premier-League,Ederson,br BRA,GK,Manchester City,30-198,1993,25.0,25.0,2167.0,24.1,23.0,0.96,69.0,47.0,69.6,17.0,5.0,3.0,8.0,32.0,2.0,2.0,0.0,0.0,0.0,0.0,2.0,1.0,22.3,0.3,0.3,0.01,98.0,206.0,47.6,881.0,107.0,19.3,27.8,90.0,40.0,38.4,197.0,20.0,10.2,34.0,1.41,17.4
5,2023-2024,Premier-League,Łukasz Fabiański,pl POL,GK,West Ham,38-319,1985,5.0,3.0,316.0,3.5,9.0,2.56,20.0,11.0,60.0,2.0,0.0,1.0,1.0,33.3,1.0,1.0,0.0,0.0,0.0,0.0,2.0,0.0,6.9,0.3,-2.1,-0.6,19.0,51.0,37.3,81.0,19.0,45.7,36.0,25.0,56.0,43.6,64.0,5.0,7.8,1.0,0.28,8.3
6,2023-2024,Premier-League,Mark Flekken,nl NED,GK,Brentford,30-263,1993,25.0,25.0,2205.0,24.5,46.0,1.88,126.0,80.0,64.3,7.0,4.0,14.0,4.0,16.0,1.0,1.0,0.0,0.0,0.0,0.0,4.0,0.0,39.3,0.31,-6.7,-0.27,147.0,413.0,35.6,884.0,91.0,35.3,33.8,193.0,52.3,41.4,382.0,23.0,6.0,21.0,0.86,13.0
7,2023-2024,Premier-League,Wes Foderingham,eng ENG,GK,Sheffield Utd,33-048,1991,25.0,24.0,2199.0,24.4,63.0,2.58,165.0,106.0,63.6,3.0,4.0,17.0,1.0,4.2,4.0,3.0,0.0,1.0,0.0,0.0,8.0,4.0,57.5,0.34,-1.5,-0.06,171.0,518.0,33.0,650.0,83.0,55.1,40.5,214.0,74.8,53.2,404.0,17.0,4.2,34.0,1.39,15.4
8,2023-2024,Premier-League,Ivo Grbić,hr CRO,GK,Sheffield Utd,28-044,1996,2.0,2.0,141.0,1.6,3.0,1.91,4.0,1.0,25.0,0.0,0.0,2.0,0.0,0.0,0.0,0.0,0.0,0.0,0.0,0.0,0.0,0.0,2.0,0.51,-1.0,-0.61,11.0,24.0,45.8,38.0,9.0,28.9,28.6,21.0,61.9,47.0,36.0,4.0,11.1,1.0,0.64,8.9
9,2023-2024,Premier-League,Dean Henderson,eng ENG,GK,Crystal Palace,26-356,1997,8.0,8.0,720.0,8.0,20.0,2.5,45.0,25.0,57.8,2.0,2.0,4.0,0.0,0.0,1.0,1.0,0.0,0.0,0.0,0.0,3.0,0.0,17.3,0.37,-2.7,-0.33,36.0,123.0,29.3,190.0,23.0,42.6,36.8,47.0,89.4,58.6,106.0,2.0,1.9,10.0,1.25,17.3
10,2023-2024,Premier-League,Sam Johnstone,eng ENG,GK,Crystal Palace,30-343,1993,18.0,18.0,1616.0,18.0,23.0,1.28,59.0,37.0,64.4,5.0,5.0,8.0,6.0,33.3,2.0,2.0,0.0,0.0,0.0,0.0,4.0,1.0,17.0,0.26,-5.0,-0.28,98.0,298.0,32.9,399.0,58.0,52.4,40.1,121.0,73.6,52.0,295.0,23.0,7.8,10.0,0.56,10.7
11,2023-2024,Premier-League,Thomas Kaminski,be BEL,GK,Luton Town,31-131,1992,25.0,25.0,2250.0,25.0,51.0,2.04,146.0,96.0,66.4,5.0,5.0,15.0,2.0,8.0,2.0,2.0,0.0,0.0,0.0,0.0,6.0,1.0,52.1,0.36,2.1,0.08,172.0,543.0,31.7,726.0,101.0,53.2,40.1,227.0,69.2,48.8,382.0,14.0,3.7,48.0,1.92,18.6
12,2023-2024,Premier-League,Loris Karius,de GER,GK,Newcastle Utd,30-254,1993,1.0,1.0,90.0,1.0,4.0,4.0,7.0,4.0,42.9,0.0,0.0,1.0,0.0,0.0,0.0,0.0,0.0,0.0,0.0,0.0,1.0,1.0,2.0,0.29,-1.0,-0.99,3.0,18.0,16.7,27.0,5.0,48.1,36.3,9.0,55.6,41.8,10.0,1.0,10.0,3.0,3.0,19.5
13,2023-2024,Premier-League,Caoimhín Kelleher,ie IRL,GK,Liverpool,25-100,1998,5.0,5.0,450.0,5.0,6.0,1.2,19.0,13.0,68.4,5.0,0.0,0.0,1.0,20.0,0.0,0.0,0.0,0.0,0.0,0.0,2.0,0.0,5.5,0.29,-0.5,-0.1,17.0,62.0,27.4,192.0,19.0,28.1,29.3,19.0,42.1,36.7,37.0,3.0,8.1,8.0,1.6,18.5
14,2023-2024,Premier-League,Bernd Leno,de GER,GK,Fulham,31-364,1992,26.0,26.0,2340.0,26.0,42.0,1.62,132.0,93.0,72.7,9.0,5.0,12.0,6.0,23.1,6.0,6.0,0.0,0.0,0.0,0.0,2.0,3.0,40.4,0.27,1.4,0.05,102.0,304.0,33.6,934.0,106.0,23.7,28.5,124.0,66.9,49.6,313.0,10.0,3.2,30.0,1.15,15.0
15,2023-2024,Premier-League,Emiliano Martínez,ar ARG,GK,Aston Villa,31-182,1992,25.0,25.0,2250.0,25.0,34.0,1.36,103.0,72.0,67.0,15.0,4.0,6.0,6.0,24.0,0.0,0.0,0.0,0.0,0.0,0.0,9.0,3.0,35.9,0.36,4.9,0.2,83.0,216.0,38.4,893.0,119.0,19.7,27.2,114.0,35.1,33.6,270.0,27.0,10.0,54.0,2.16,18.9
16,2023-2024,Premier-League,Remi Matthews,eng ENG,GK,Crystal Palace,30-021,1994,1.0,0.0,4.0,0.0,1.0,22.5,1.0,0.0,0.0,0.0,0.0,0.0,0.0,0.0,0.0,0.0,0.0,0.0,0.0,0.0,0.0,0.0,0.1,0.15,-0.9,-19.2,0.0,5.0,0.0,4.0,0.0,100.0,53.8,1.0,100.0,63.0,1.0,1.0,100.0,0.0,0.0,3.5
17,2023-2024,Premier-League,Neto,br BRA,GK,Bournemouth,34-227,1989,23.0,23.0,2070.0,23.0,40.0,1.74,120.0,80.0,70.0,6.0,7.0,10.0,5.0,21.7,5.0,4.0,1.0,0.0,20.0,1.0,2.0,1.0,40.4,0.31,1.4,0.06,121.0,352.0,34.4,604.0,110.0,42.7,35.9,169.0,55.6,43.7,299.0,20.0,6.7,22.0,0.96,13.3
18,2023-2024,Premier-League,Robin Olsen,se SWE,GK,Aston Villa,34-054,1990,1.0,1.0,90.0,1.0,1.0,1.0,2.0,1.0,50.0,1.0,0.0,0.0,0.0,0.0,0.0,0.0,0.0,0.0,0.0,0.0,0.0,0.0,0.5,0.23,-0.5,-0.54,5.0,12.0,41.7,37.0,3.0,29.7,28.0,2.0,50.0,35.0,11.0,0.0,0.0,1.0,1.0,23.0
19,2023-2024,Premier-League,André Onana,cm CMR,GK,Manchester Utd,27-335,1996,26.0,26.0,2340.0,26.0,36.0,1.38,127.0,92.0,74.0,14.0,2.0,10.0,7.0,26.9,3.0,3.0,0.0,0.0,0.0,1.0,7.0,1.0,37.3,0.28,2.3,0.09,100.0,327.0,30.6,892.0,93.0,29.5,30.4,120.0,53.3,42.5,402.0,19.0,4.7,29.0,1.12,14.9
20,2023-2024,Premier-League,Stefan Ortega,de GER,GK,Manchester City,31-117,1992,2.0,1.0,173.0,1.9,3.0,1.56,8.0,5.0,62.5,1.0,0.0,0.0,0.0,0.0,0.0,0.0,0.0,0.0,0.0,0.0,0.0,0.0,3.0,0.37,0.0,-0.02,7.0,25.0,28.0,84.0,5.0,27.4,29.9,2.0,100.0,59.5,15.0,1.0,6.7,4.0,2.08,18.8
21,2023-2024,Premier-League,Đorđe Petrović,rs SRB,GK,Chelsea,24-146,1999,10.0,9.0,817.0,9.1,16.0,1.76,52.0,37.0,71.2,5.0,1.0,3.0,2.0,22.2,2.0,1.0,0.0,1.0,0.0,0.0,3.0,1.0,12.7,0.24,-2.3,-0.25,28.0,87.0,32.2,261.0,41.0,23.0,27.9,54.0,50.0,39.5,138.0,7.0,5.1,14.0,1.54,17.0
22,2023-2024,Premier-League,Jordan Pickford,eng ENG,GK,Everton,29-361,1994,26.0,26.0,2340.0,26.0,34.0,1.31,107.0,75.0,72.9,8.0,7.0,11.0,8.0,30.8,5.0,5.0,0.0,0.0,0.0,0.0,8.0,2.0,31.8,0.25,-0.2,-0.01,252.0,591.0,42.6,853.0,93.0,56.6,41.3,189.0,57.1,46.1,373.0,16.0,4.3,39.0,1.5,17.4
23,2023-2024,Premier-League,Nick Pope,eng ENG,GK,Newcastle Utd,31-318,1992,14.0,14.0,1255.0,13.9,14.0,1.0,53.0,39.0,73.6,8.0,2.0,4.0,5.0,35.7,0.0,0.0,0.0,0.0,0.0,1.0,2.0,0.0,15.1,0.3,1.1,0.08,35.0,100.0,35.0,282.0,85.0,18.8,27.8,85.0,55.3,42.3,128.0,6.0,4.7,28.0,2.01,19.8
24,2023-2024,Premier-League,Ionuț Radu,ro ROU,GK,Bournemouth,26-279,1997,2.0,2.0,180.0,2.0,7.0,3.5,11.0,4.0,36.4,1.0,0.0,1.0,0.0,0.0,0.0,0.0,0.0,0.0,0.0,0.0,3.0,0.0,2.9,0.27,-4.1,-2.04,5.0,15.0,33.3,57.0,10.0,19.3,26.9,11.0,36.4,29.2,19.0,2.0,10.5,0.0,0.0,9.6
25,2023-2024,Premier-League,Aaron Ramsdale,eng ENG,GK,Arsenal,25-293,1998,5.0,5.0,450.0,5.0,4.0,0.8,10.0,6.0,60.0,4.0,1.0,0.0,2.0,40.0,0.0,0.0,0.0,0.0,0.0,0.0,1.0,0.0,2.3,0.23,-1.7,-0.34,13.0,45.0,28.9,133.0,25.0,26.3,29.5,18.0,55.6,43.3,35.0,3.0,8.6,9.0,1.8,18.3
26,2023-2024,Premier-League,David Raya,es ESP,GK,Arsenal,28-169,1995,21.0,21.0,1890.0,21.0,19.0,0.9,51.0,32.0,64.7,14.0,3.0,4.0,8.0,38.1,2.0,1.0,1.0,0.0,50.0,0.0,4.0,1.0,15.5,0.28,-2.5,-0.12,78.0,228.0,34.2,626.0,113.0,30.8,30.2,64.0,54.7,44.5,191.0,29.0,15.2,37.0,1.76,18.4
27,2023-2024,Premier-League,José Sá,pt POR,GK,Wolves,31-045,1993,24.0,24.0,2092.0,23.2,37.0,1.59,108.0,72.0,70.4,10.0,5.0,9.0,4.0,16.7,5.0,5.0,0.0,0.0,0.0,1.0,3.0,1.0,40.5,0.33,4.5,0.19,57.0,285.0,20.0,550.0,132.0,34.7,34.3,169.0,55.6,42.5,365.0,38.0,10.4,17.0,0.73,12.3
28,2023-2024,Premier-League,Robert Sánchez,es ESP,GK,Chelsea,26-105,1997,16.0,16.0,1433.0,15.9,25.0,1.57,78.0,52.0,70.5,5.0,4.0,7.0,3.0,18.8,3.0,2.0,1.0,0.0,33.3,0.0,3.0,0.0,24.2,0.28,-0.8,-0.05,61.0,147.0,41.5,516.0,87.0,21.3,28.1,91.0,40.7,33.7,202.0,19.0,9.4,27.0,1.7,15.8
29,2023-2024,Premier-League,Matz Sels,be BEL,GK,Nott'ham Forest,32-005,1992,4.0,4.0,360.0,4.0,8.0,2.0,15.0,7.0,46.7,1.0,1.0,2.0,1.0,25.0,0.0,0.0,0.0,0.0,0.0,0.0,3.0,0.0,4.9,0.33,-3.1,-0.78,8.0,36.0,22.2,70.0,14.0,42.9,34.9,17.0,35.3,32.1,52.0,1.0,1.9,2.0,0.5,12.6
30,2023-2024,Premier-League,Jason Steele,eng ENG,GK,Brighton,33-197,1990,14.0,14.0,1260.0,14.0,25.0,1.79,59.0,36.0,62.7,5.0,4.0,5.0,2.0,14.3,3.0,3.0,0.0,0.0,0.0,0.0,5.0,2.0,20.6,0.31,-2.4,-0.17,42.0,123.0,34.1,519.0,53.0,22.2,27.5,46.0,17.4,19.7,149.0,6.0,4.0,31.0,2.21,20.4
31,2023-2024,Premier-League,Thomas Strakosha,al ALB,GK,Brentford,28-349,1995,2.0,1.0,135.0,1.5,2.0,1.33,8.0,6.0,75.0,0.0,0.0,1.0,0.0,0.0,0.0,0.0,0.0,0.0,0.0,0.0,0.0,0.0,1.5,0.2,-0.5,-0.3,12.0,30.0,40.0,56.0,5.0,41.1,35.8,15.0,46.7,39.9,37.0,2.0,5.4,1.0,0.67,10.0
32,2023-2024,Premier-League,James Trafford,eng ENG,GK,Burnley,21-144,2002,26.0,26.0,2340.0,26.0,58.0,2.23,159.0,103.0,66.7,3.0,4.0,19.0,2.0,7.7,5.0,5.0,0.0,0.0,0.0,0.0,10.0,2.0,52.7,0.3,-3.3,-0.13,128.0,537.0,23.8,1200.0,157.0,33.3,31.1,178.0,77.0,53.6,394.0,30.0,7.6,38.0,1.46,14.6
33,2023-2024,Premier-League,Matt Turner,us USA,GK,Nott'ham Forest,29-252,1994,17.0,17.0,1530.0,17.0,28.0,1.65,80.0,52.0,67.5,4.0,5.0,8.0,2.0,11.8,2.0,2.0,0.0,0.0,0.0,1.0,4.0,0.0,22.1,0.26,-5.9,-0.35,126.0,280.0,45.0,436.0,99.0,42.7,35.7,136.0,69.1,47.0,296.0,30.0,10.1,18.0,1.06,13.3
34,2023-2024,Premier-League,Bart Verbruggen,nl NED,GK,Brighton,21-197,2002,12.0,12.0,1080.0,12.0,16.0,1.33,47.0,31.0,70.2,5.0,5.0,2.0,1.0,8.3,2.0,2.0,0.0,0.0,0.0,0.0,1.0,0.0,13.6,0.25,-2.4,-0.2,25.0,58.0,43.1,464.0,70.0,11.2,22.3,46.0,13.0,19.1,121.0,9.0,7.4,12.0,1.0,14.3
35,2023-2024,Premier-League,Guglielmo Vicario,it ITA,GK,Tottenham,27-147,1996,25.0,25.0,2250.0,25.0,38.0,1.52,112.0,76.0,71.4,14.0,5.0,6.0,5.0,20.0,6.0,6.0,0.0,0.0,0.0,0.0,4.0,2.0,42.3,0.33,6.3,0.25,40.0,184.0,21.7,902.0,144.0,17.3,25.4,156.0,17.9,23.6,367.0,23.0,6.3,53.0,2.12,17.0
36,2023-2024,Premier-League,Odisseas Vlachodimos,gr GRE,GK,Nott'ham Forest,29-311,1994,5.0,5.0,450.0,5.0,12.0,2.4,22.0,10.0,50.0,1.0,0.0,4.0,1.0,20.0,1.0,1.0,0.0,0.0,0.0,0.0,2.0,0.0,7.9,0.31,-4.1,-0.83,28.0,60.0,46.7,130.0,21.0,25.4,29.6,44.0,61.4,44.3,92.0,3.0,3.3,2.0,0.4,10.3
0,2023-2024,Bundesliga,Noah Atubolu,de GER,GK,Freiburg,21-282,2002,24.0,24.0,2160.0,24.0,44.0,1.83,109.0,66.0,62.4,8.0,6.0,10.0,7.0,29.2,3.0,3.0,0.0,0.0,0.0,0.0,4.0,1.0,37.5,0.33,-5.5,-0.23,132.0,401.0,32.9,827.0,114.0,34.2,33.5,167.0,70.7,53.5,309.0,14.0,4.5,24.0,1.0,14.9
1,2023-2024,Bundesliga,Daniel Batz,de GER,GK,Mainz 05,33-050,1991,4.0,4.0,360.0,4.0,3.0,0.75,17.0,14.0,82.4,0.0,2.0,2.0,1.0,25.0,0.0,0.0,0.0,0.0,0.0,1.0,0.0,0.0,2.4,0.15,-0.6,-0.15,18.0,58.0,31.0,132.0,14.0,38.6,34.7,21.0,33.3,34.8,38.0,4.0,10.5,2.0,0.5,11.3
2,2023-2024,Bundesliga,Oliver Baumann,de GER,GK,Hoffenheim,33-274,1990,23.0,23.0,2070.0,23.0,43.0,1.87,134.0,89.0,69.4,8.0,6.0,9.0,1.0,4.3,5.0,2.0,3.0,0.0,60.0,2.0,5.0,1.0,47.4,0.33,5.4,0.23,129.0,330.0,39.1,750.0,117.0,31.5,32.0,173.0,54.3,44.1,369.0,23.0,6.2,46.0,2.0,16.6
3,2023-2024,Bundesliga,Janis Blaswich,de GER,GK,RB Leipzig,32-305,1991,20.0,20.0,1800.0,20.0,28.0,1.4,70.0,42.0,64.3,10.0,3.0,7.0,5.0,25.0,3.0,3.0,0.0,0.0,0.0,0.0,7.0,0.0,23.0,0.29,-5.0,-0.25,54.0,151.0,35.8,781.0,83.0,15.0,25.9,129.0,26.4,31.0,229.0,14.0,6.1,35.0,1.75,17.7
4,2023-2024,Bundesliga,Fabian Bredlow,de GER,GK,Stuttgart,29-000,1995,3.0,3.0,270.0,3.0,3.0,1.0,19.0,16.0,84.2,2.0,1.0,0.0,0.0,0.0,0.0,0.0,0.0,0.0,0.0,0.0,1.0,0.0,3.9,0.21,0.9,0.31,18.0,49.0,36.7,118.0,12.0,36.4,32.8,9.0,66.7,49.3,44.0,1.0,2.3,2.0,0.67,13.3
5,2023-2024,Bundesliga,Alexander Brunst,de GER,GK,Darmstadt 98,28-239,1995,1.0,1.0,90.0,1.0,1.0,1.0,3.0,2.0,66.7,0.0,1.0,0.0,0.0,0.0,0.0,0.0,0.0,0.0,0.0,0.0,1.0,0.0,0.7,0.25,-0.3,-0.25,12.0,36.0,33.3,38.0,2.0,71.1,47.6,9.0,100.0,66.8,24.0,1.0,4.2,0.0,0.0,10.3
6,2023-2024,Bundesliga,Koen Casteels,be BEL,GK,Wolfsburg,31-251,1992,19.0,19.0,1710.0,19.0,28.0,1.47,91.0,64.0,70.3,6.0,6.0,7.0,3.0,15.8,1.0,1.0,0.0,0.0,0.0,0.0,2.0,1.0,27.7,0.3,0.7,0.04,121.0,286.0,42.3,589.0,96.0,35.5,34.7,124.0,62.1,47.4,279.0,19.0,6.8,34.0,1.79,16.5
7,2023-2024,Bundesliga,Finn Dahmen,de GER,GK,Augsburg,25-341,1998,23.0,23.0,2070.0,23.0,41.0,1.78,124.0,83.0,71.8,6.0,8.0,9.0,0.0,0.0,9.0,6.0,2.0,1.0,25.0,0.0,9.0,2.0,39.7,0.26,0.7,0.03,121.0,335.0,36.1,901.0,69.0,30.5,32.3,129.0,46.5,41.9,343.0,22.0,6.4,36.0,1.57,14.1
8,2023-2024,Bundesliga,Jens Grahl,de GER,GK,Eint Frankfurt,35-162,1988,2.0,2.0,180.0,2.0,2.0,1.0,9.0,7.0,77.8,1.0,1.0,0.0,0.0,0.0,0.0,0.0,0.0,0.0,0.0,0.0,0.0,0.0,1.4,0.15,-0.6,-0.31,4.0,29.0,13.8,77.0,15.0,31.2,34.4,15.0,33.3,37.9,33.0,4.0,12.1,4.0,2.0,15.7
9,2023-2024,Bundesliga,Péter Gulácsi,hu HUN,GK,RB Leipzig,33-301,1990,3.0,3.0,270.0,3.0,2.0,0.67,6.0,4.0,66.7,2.0,1.0,0.0,2.0,66.7,0.0,0.0,0.0,0.0,0.0,0.0,0.0,0.0,1.2,0.21,-0.8,-0.28,3.0,14.0,21.4,71.0,8.0,7.0,24.8,24.0,37.5,34.3,36.0,0.0,0.0,6.0,2.0,18.4
10,2023-2024,Bundesliga,Lukáš Hrádecký,fi FIN,GK,Leverkusen,34-099,1989,22.0,22.0,1980.0,22.0,16.0,0.73,80.0,64.0,80.0,19.0,3.0,0.0,10.0,45.5,0.0,0.0,0.0,0.0,0.0,0.0,3.0,0.0,20.6,0.26,4.6,0.21,50.0,153.0,32.7,534.0,122.0,22.3,28.4,94.0,36.2,35.8,218.0,20.0,9.2,31.0,1.41,17.4
11,2023-2024,Bundesliga,Gregor Kobel,ch SUI,GK,Dortmund,26-087,1997,20.0,20.0,1735.0,19.3,25.0,1.3,94.0,69.0,78.7,10.0,7.0,3.0,6.0,30.0,6.0,5.0,1.0,0.0,16.7,0.0,5.0,1.0,28.9,0.26,4.9,0.26,93.0,206.0,45.1,730.0,81.0,21.0,28.4,124.0,42.7,38.7,271.0,5.0,1.8,13.0,0.67,12.5
12,2023-2024,Bundesliga,Matej Kovar,cz CZE,GK,Leverkusen,23-290,2000,1.0,1.0,90.0,1.0,0.0,0.0,3.0,3.0,100.0,0.0,1.0,0.0,1.0,100.0,0.0,0.0,0.0,0.0,0.0,0.0,0.0,0.0,0.4,0.15,0.4,0.44,0.0,0.0,0.0,17.0,6.0,0.0,22.1,0.0,0.0,0.0,3.0,1.0,33.3,1.0,1.0,15.0
13,2023-2024,Bundesliga,Alexander Meyer,de GER,GK,Dortmund,32-324,1991,4.0,3.0,335.0,3.7,5.0,1.34,11.0,7.0,54.5,1.0,1.0,1.0,1.0,33.3,0.0,0.0,0.0,0.0,0.0,0.0,0.0,1.0,3.0,0.27,-1.0,-0.28,9.0,30.0,30.0,167.0,19.0,14.4,27.6,20.0,30.0,34.5,49.0,5.0,10.2,0.0,0.0,10.1
14,2023-2024,Bundesliga,Kevin Müller,de GER,GK,Heidenheim,32-353,1991,23.0,23.0,2070.0,23.0,40.0,1.74,123.0,84.0,73.2,7.0,7.0,9.0,5.0,21.7,10.0,7.0,1.0,2.0,12.5,0.0,5.0,2.0,37.6,0.25,-0.4,-0.02,189.0,442.0,42.8,786.0,96.0,38.9,37.1,208.0,65.4,48.4,361.0,19.0,5.3,13.0,0.57,13.0
15,2023-2024,Bundesliga,Manuel Neuer,de GER,GK,Bayern Munich,37-341,1986,16.0,16.0,1440.0,16.0,21.0,1.31,61.0,39.0,68.9,11.0,1.0,4.0,6.0,37.5,3.0,2.0,1.0,0.0,33.3,0.0,1.0,0.0,18.5,0.26,-2.5,-0.16,50.0,110.0,45.5,547.0,83.0,17.9,27.8,75.0,16.0,27.0,154.0,7.0,4.5,15.0,0.94,15.5
16,2023-2024,Bundesliga,Moritz Nicolas,de GER,GK,M'Gladbach,26-133,1997,21.0,21.0,1890.0,21.0,38.0,1.81,127.0,89.0,73.2,6.0,6.0,9.0,3.0,14.3,4.0,4.0,0.0,0.0,0.0,0.0,5.0,0.0,37.8,0.27,-0.2,-0.01,84.0,239.0,35.1,680.0,105.0,27.1,30.2,113.0,48.7,42.0,346.0,19.0,5.5,15.0,0.71,12.7
17,2023-2024,Bundesliga,Alexander Nübel,de GER,GK,Stuttgart,27-154,1996,20.0,20.0,1800.0,20.0,26.0,1.3,73.0,49.0,65.8,13.0,1.0,6.0,6.0,30.0,1.0,1.0,0.0,0.0,0.0,0.0,5.0,2.0,20.3,0.28,-3.7,-0.18,93.0,205.0,45.4,706.0,94.0,24.9,29.1,86.0,33.7,32.1,225.0,24.0,10.7,43.0,2.15,18.4
18,2023-2024,Bundesliga,Jonas Omlin,ch SUI,GK,M'Gladbach,30-052,1994,2.0,2.0,180.0,2.0,7.0,3.5,18.0,11.0,66.7,0.0,1.0,1.0,0.0,0.0,1.0,1.0,0.0,0.0,0.0,0.0,1.0,0.0,6.0,0.28,-1.0,-0.51,11.0,32.0,34.4,67.0,13.0,40.3,37.0,10.0,50.0,40.4,27.0,1.0,3.7,2.0,1.0,13.3
19,2023-2024,Bundesliga,Jiří Pavlenka,cz CZE,GK,Werder Bremen,31-323,1992,7.0,7.0,630.0,7.0,17.0,2.43,38.0,21.0,60.5,2.0,0.0,5.0,1.0,14.3,2.0,2.0,0.0,0.0,0.0,0.0,1.0,0.0,13.1,0.3,-3.9,-0.56,31.0,85.0,36.5,177.0,37.0,37.9,34.2,69.0,26.1,32.5,109.0,7.0,6.4,9.0,1.29,14.4
20,2023-2024,Bundesliga,Pavao Pervan,at AUT,GK,Wolfsburg,36-110,1987,4.0,4.0,360.0,4.0,8.0,2.0,17.0,10.0,52.9,0.0,1.0,3.0,0.0,0.0,0.0,0.0,0.0,0.0,0.0,1.0,1.0,1.0,6.2,0.37,-0.8,-0.2,11.0,46.0,23.9,130.0,25.0,28.5,30.7,16.0,56.3,45.6,51.0,0.0,0.0,3.0,0.75,15.7
21,2023-2024,Bundesliga,Manuel Riemann,de GER,GK,Bochum,35-175,1988,23.0,23.0,2070.0,23.0,46.0,2.0,127.0,81.0,69.3,5.0,10.0,8.0,4.0,17.4,9.0,7.0,2.0,0.0,22.2,0.0,5.0,2.0,41.4,0.26,-2.6,-0.12,284.0,729.0,39.0,1029.0,59.0,62.3,42.8,151.0,58.3,45.0,355.0,28.0,7.9,74.0,3.22,20.2
22,2023-2024,Bundesliga,Frederik Rønnow,dk DEN,GK,Union Berlin,31-211,1992,22.0,22.0,1980.0,22.0,35.0,1.59,106.0,70.0,69.8,7.0,4.0,11.0,5.0,22.7,5.0,3.0,2.0,0.0,40.0,1.0,6.0,1.0,34.1,0.28,0.1,0.01,114.0,343.0,33.2,722.0,112.0,34.2,33.0,147.0,65.3,48.5,368.0,34.0,9.2,30.0,1.36,13.2
23,2023-2024,Bundesliga,Marcel Schuhen,de GER,GK,Darmstadt 98,31-049,1993,22.0,22.0,1980.0,22.0,51.0,2.32,140.0,89.0,64.3,2.0,6.0,14.0,2.0,9.1,2.0,1.0,1.0,0.0,50.0,1.0,6.0,1.0,47.3,0.33,-2.7,-0.12,157.0,393.0,39.9,900.0,122.0,33.8,33.8,181.0,49.2,42.2,292.0,14.0,4.8,39.0,1.77,17.2
24,2023-2024,Bundesliga,Marvin Schwäbe,de GER,GK,Köln,28-312,1995,23.0,23.0,2070.0,23.0,37.0,1.61,114.0,77.0,69.3,3.0,8.0,12.0,3.0,13.0,2.0,2.0,0.0,0.0,0.0,0.0,5.0,0.0,43.1,0.37,6.1,0.27,88.0,234.0,37.6,821.0,73.0,25.6,30.2,94.0,25.5,31.1,309.0,9.0,2.9,15.0,0.65,13.1
25,2023-2024,Bundesliga,Alexander Schwolow,de GER,GK,Union Berlin,31-274,1992,1.0,1.0,90.0,1.0,2.0,2.0,6.0,4.0,66.7,0.0,0.0,1.0,0.0,0.0,0.0,0.0,0.0,0.0,0.0,0.0,0.0,0.0,1.2,0.2,-0.8,-0.81,4.0,10.0,40.0,28.0,4.0,32.1,34.1,8.0,12.5,28.4,13.0,0.0,0.0,0.0,0.0,5.0
26,2023-2024,Bundesliga,Kevin Trapp,de GER,GK,Eint Frankfurt,33-238,1990,21.0,21.0,1890.0,21.0,28.0,1.33,89.0,59.0,73.0,7.0,9.0,5.0,6.0,28.6,6.0,4.0,2.0,0.0,33.3,0.0,3.0,0.0,29.1,0.27,1.1,0.05,70.0,236.0,29.7,661.0,98.0,27.8,29.3,142.0,36.6,33.8,328.0,9.0,2.7,20.0,0.95,14.9
27,2023-2024,Bundesliga,Sven Ulreich,de GER,GK,Bayern Munich,35-212,1988,8.0,8.0,720.0,8.0,7.0,0.87,17.0,10.0,64.7,6.0,2.0,0.0,3.0,37.5,1.0,1.0,0.0,0.0,0.0,1.0,2.0,0.0,6.6,0.33,-0.4,-0.05,20.0,64.0,31.3,261.0,35.0,21.8,26.3,34.0,20.6,27.1,70.0,2.0,2.9,14.0,1.75,23.0
28,2023-2024,Bundesliga,Robin Zentner,de GER,GK,Mainz 05,29-126,1994,19.0,19.0,1710.0,19.0,34.0,1.79,80.0,47.0,60.0,2.0,7.0,10.0,3.0,15.8,2.0,2.0,0.0,0.0,0.0,1.0,1.0,1.0,32.1,0.38,-0.9,-0.05,105.0,282.0,37.2,536.0,101.0,42.5,36.4,104.0,51.9,42.0,238.0,26.0,10.9,28.0,1.47,16.6
29,2023-2024,Bundesliga,Michael Zetterer,de GER,GK,Werder Bremen,28-234,1995,16.0,16.0,1440.0,16.0,18.0,1.13,65.0,48.0,75.4,6.0,6.0,4.0,5.0,31.3,2.0,2.0,0.0,0.0,0.0,0.0,2.0,1.0,20.5,0.31,3.5,0.22,87.0,185.0,47.0,572.0,109.0,28.1,32.7,76.0,31.6,36.0,236.0,22.0,9.3,16.0,1.0,14.5
0,2023-2024,La-Liga,Kepa Arrizabalaga,es ESP,GK,Real Madrid,29-151,1994,12.0,12.0,1080.0,12.0,9.0,0.75,34.0,26.0,73.5,9.0,2.0,1.0,6.0,50.0,0.0,0.0,0.0,0.0,0.0,0.0,0.0,1.0,9.3,0.29,1.3,0.1,24.0,72.0,33.3,342.0,54.0,17.0,26.5,59.0,23.7,28.9,138.0,4.0,2.9,10.0,0.83,15.5
1,2023-2024,La-Liga,Francisco Barbosa,es ESP,GK,Betis,24-300,1999,3.0,2.0,225.0,2.5,4.0,1.6,14.0,10.0,71.4,1.0,1.0,0.0,1.0,50.0,0.0,0.0,0.0,0.0,0.0,1.0,0.0,0.0,3.7,0.26,-0.3,-0.13,10.0,35.0,28.6,58.0,15.0,39.7,36.2,24.0,50.0,44.3,51.0,2.0,3.9,2.0,0.8,12.3
2,2023-2024,La-Liga,Augusto Batalla,ar ARG,GK,Granada,27-307,1996,7.0,7.0,630.0,7.0,9.0,1.29,31.0,22.0,71.0,1.0,3.0,3.0,1.0,14.3,0.0,0.0,0.0,0.0,0.0,0.0,1.0,0.0,8.3,0.28,-0.7,-0.1,34.0,125.0,27.2,273.0,49.0,34.1,34.2,48.0,66.7,50.1,105.0,12.0,11.4,2.0,0.29,10.5
3,2023-2024,La-Liga,Yassine Bounou,ma MAR,GK,Sevilla,32-332,1991,1.0,1.0,90.0,1.0,2.0,2.0,3.0,1.0,33.3,0.0,0.0,1.0,0.0,0.0,0.0,0.0,0.0,0.0,0.0,0.0,0.0,0.0,1.1,0.37,-0.9,-0.88,6.0,16.0,37.5,24.0,4.0,41.7,36.1,7.0,85.7,57.4,9.0,0.0,0.0,0.0,0.0,0.0
4,2023-2024,La-Liga,Claudio Bravo,cl CHI,GK,Betis,40-324,1983,7.0,7.0,630.0,7.0,5.0,0.71,20.0,16.0,75.0,3.0,4.0,0.0,2.0,28.6,0.0,0.0,0.0,0.0,0.0,0.0,0.0,1.0,5.5,0.27,1.5,0.21,38.0,80.0,47.5,169.0,30.0,30.2,30.6,60.0,48.3,40.1,101.0,4.0,4.0,6.0,0.86,12.6
5,2023-2024,La-Liga,Stole Dimitrievski,mk MKD,GK,Rayo Vallecano,30-068,1993,26.0,26.0,2340.0,26.0,36.0,1.38,117.0,82.0,70.1,5.0,10.0,11.0,9.0,34.6,2.0,1.0,1.0,0.0,50.0,1.0,4.0,2.0,36.2,0.3,2.2,0.09,122.0,432.0,28.2,643.0,122.0,49.5,40.5,203.0,56.2,46.3,377.0,13.0,3.4,27.0,1.04,15.5
6,2023-2024,La-Liga,Marko Dmitrović,rs SRB,GK,Sevilla,32-038,1992,13.0,13.0,1170.0,13.0,25.0,1.92,68.0,44.0,66.2,2.0,2.0,9.0,2.0,15.4,2.0,2.0,0.0,0.0,0.0,0.0,3.0,1.0,22.6,0.3,-1.4,-0.11,52.0,148.0,35.1,314.0,70.0,32.5,32.7,79.0,58.2,45.9,152.0,11.0,7.2,15.0,1.15,15.4
7,2023-2024,La-Liga,Aitor Fernández,es ESP,GK,Osasuna,32-304,1991,5.0,4.0,371.0,4.1,7.0,1.7,13.0,6.0,53.8,0.0,0.0,4.0,1.0,25.0,1.0,1.0,0.0,0.0,0.0,0.0,1.0,0.0,5.5,0.34,-1.5,-0.37,32.0,71.0,45.1,115.0,13.0,51.3,41.1,17.0,70.6,50.7,47.0,1.0,2.1,5.0,1.21,21.1
8,2023-2024,La-Liga,Raúl Fernández,es ESP,GK,Granada,35-355,1988,4.0,4.0,280.0,3.1,11.0,3.54,17.0,7.0,35.3,1.0,0.0,3.0,0.0,0.0,1.0,0.0,0.0,1.0,0.0,0.0,1.0,1.0,7.8,0.46,-2.2,-0.71,14.0,47.0,29.8,88.0,10.0,37.5,35.7,17.0,82.4,62.1,36.0,4.0,11.1,11.0,3.54,17.3
9,2023-2024,La-Liga,Fernando,es ESP,GK,Almería,33-266,1990,2.0,2.0,180.0,2.0,7.0,3.5,11.0,4.0,36.4,0.0,0.0,2.0,0.0,0.0,0.0,0.0,0.0,0.0,0.0,0.0,0.0,0.0,4.9,0.45,-2.1,-1.05,14.0,40.0,35.0,67.0,14.0,47.8,37.2,16.0,50.0,45.8,32.0,2.0,6.3,5.0,2.5,17.9
10,2023-2024,La-Liga,André Ferreira,pt POR,GK,Granada,27-278,1996,15.0,14.0,1340.0,14.9,29.0,1.95,77.0,49.0,66.2,0.0,5.0,9.0,0.0,0.0,3.0,3.0,0.0,0.0,0.0,0.0,2.0,1.0,27.8,0.33,-0.2,-0.01,73.0,186.0,39.2,388.0,88.0,31.4,32.2,110.0,58.2,44.3,195.0,6.0,3.1,13.0,0.87,12.6
11,2023-2024,La-Liga,Paulo Gazzaniga,ar ARG,GK,Girona,32-060,1992,26.0,26.0,2340.0,26.0,32.0,1.23,119.0,87.0,74.8,18.0,5.0,3.0,9.0,34.6,3.0,2.0,0.0,1.0,0.0,0.0,6.0,0.0,35.3,0.29,3.3,0.13,105.0,297.0,35.4,794.0,124.0,25.9,30.1,175.0,52.0,44.6,383.0,27.0,7.0,14.0,0.54,11.8
12,2023-2024,La-Liga,David Gil,es ESP,GK,Cádiz,30-051,1994,4.0,3.0,282.0,3.1,2.0,0.64,12.0,10.0,83.3,0.0,3.0,0.0,1.0,33.3,0.0,0.0,0.0,0.0,0.0,0.0,0.0,0.0,2.1,0.18,0.1,0.04,44.0,102.0,43.1,75.0,4.0,89.3,54.7,37.0,94.6,63.8,79.0,5.0,6.3,0.0,0.0,7.3
13,2023-2024,La-Liga,Vicente Guaita,es ESP,GK,Celta Vigo,37-052,1987,18.0,17.0,1593.0,17.7,24.0,1.36,72.0,48.0,72.2,4.0,6.0,7.0,5.0,29.4,4.0,4.0,0.0,0.0,0.0,0.0,2.0,0.0,27.3,0.34,3.3,0.19,104.0,268.0,38.8,381.0,81.0,45.4,38.8,131.0,72.5,52.6,311.0,20.0,6.4,20.0,1.13,13.5
14,2023-2024,La-Liga,Sergio Herrera,es ESP,GK,Osasuna,30-271,1993,22.0,22.0,1969.0,21.9,30.0,1.37,83.0,52.0,63.9,9.0,6.0,7.0,7.0,31.8,1.0,0.0,1.0,0.0,100.0,0.0,5.0,0.0,28.7,0.34,-1.3,-0.06,188.0,458.0,41.0,638.0,60.0,53.8,41.1,160.0,71.9,51.7,331.0,18.0,5.4,28.0,1.28,16.7
15,2023-2024,La-Liga,Filip Jørgensen,dk DEN,GK,Villarreal,21-321,2002,26.0,26.0,2340.0,26.0,48.0,1.85,150.0,103.0,70.7,7.0,8.0,11.0,3.0,11.5,4.0,4.0,0.0,0.0,0.0,1.0,7.0,1.0,45.0,0.28,-2.0,-0.08,108.0,274.0,39.4,753.0,130.0,25.9,30.3,176.0,44.9,38.9,484.0,24.0,5.0,25.0,0.96,13.5
16,2023-2024,La-Liga,Jeremías Ledesma,ar ARG,GK,Cádiz,31-018,1993,23.0,23.0,2058.0,22.9,35.0,1.53,109.0,74.0,69.7,2.0,9.0,12.0,4.0,17.4,2.0,2.0,0.0,0.0,0.0,0.0,2.0,0.0,35.5,0.32,0.5,0.02,215.0,535.0,40.2,626.0,84.0,59.6,43.5,187.0,86.6,62.0,378.0,37.0,9.8,27.0,1.18,11.7
17,2023-2024,La-Liga,Andriy Lunin,ua UKR,GK,Real Madrid,25-020,1999,14.0,14.0,1260.0,14.0,7.0,0.5,37.0,30.0,83.8,11.0,3.0,0.0,7.0,50.0,1.0,1.0,0.0,0.0,0.0,0.0,0.0,0.0,12.9,0.32,5.9,0.42,19.0,53.0,35.8,344.0,67.0,11.9,24.0,76.0,15.8,27.0,179.0,18.0,10.1,15.0,1.07,13.0
18,2023-2024,La-Liga,Giorgi Mamardashvili,ge GEO,GK,Valencia,23-155,2000,25.0,25.0,2250.0,25.0,29.0,1.16,97.0,68.0,72.2,10.0,6.0,9.0,8.0,32.0,3.0,2.0,1.0,0.0,33.3,0.0,3.0,1.0,32.6,0.32,4.6,0.18,116.0,426.0,27.2,553.0,96.0,57.7,41.8,154.0,69.5,53.4,361.0,35.0,9.7,22.0,0.88,12.1
19,2023-2024,La-Liga,Diego Mariño,es ESP,GK,Almería,33-298,1990,1.0,1.0,90.0,1.0,2.0,2.0,4.0,2.0,100.0,0.0,0.0,1.0,0.0,0.0,2.0,2.0,0.0,0.0,0.0,0.0,0.0,0.0,2.1,0.02,0.1,0.05,1.0,5.0,20.0,25.0,6.0,20.0,24.1,2.0,0.0,16.5,6.0,0.0,0.0,2.0,2.0,22.7
20,2023-2024,La-Liga,Unai Marrero,es ESP,GK,Real Sociedad,22-145,2001,2.0,1.0,142.0,1.6,3.0,1.9,5.0,2.0,60.0,0.0,0.0,1.0,0.0,0.0,1.0,1.0,0.0,0.0,0.0,0.0,0.0,0.0,2.9,0.37,-0.1,-0.09,10.0,25.0,40.0,37.0,5.0,45.9,37.0,8.0,100.0,63.4,27.0,1.0,3.7,4.0,2.54,20.1
21,2023-2024,La-Liga,Luís Maximiano,pt POR,GK,Almería,25-057,1999,24.0,24.0,2160.0,24.0,46.0,1.92,123.0,76.0,65.9,0.0,9.0,15.0,4.0,16.7,7.0,4.0,1.0,2.0,20.0,0.0,6.0,0.0,45.2,0.33,-0.8,-0.03,115.0,408.0,28.2,703.0,112.0,40.0,35.9,200.0,63.5,47.0,411.0,22.0,5.4,27.0,1.13,14.2
22,2023-2024,La-Liga,Ørjan Nyland,no NOR,GK,Sevilla,33-174,1990,12.0,12.0,1080.0,12.0,11.0,0.92,46.0,36.0,78.3,3.0,7.0,2.0,3.0,25.0,1.0,1.0,0.0,0.0,0.0,0.0,1.0,1.0,11.2,0.22,1.2,0.1,75.0,223.0,33.6,285.0,61.0,51.2,40.0,96.0,80.2,58.2,181.0,11.0,6.1,11.0,0.92,13.8
23,2023-2024,La-Liga,Jan Oblak,si SVN,GK,Atlético Madrid,31-055,1993,26.0,26.0,2340.0,26.0,28.0,1.08,102.0,74.0,73.5,16.0,4.0,6.0,9.0,34.6,2.0,1.0,0.0,1.0,0.0,0.0,3.0,0.0,26.9,0.26,-1.1,-0.04,72.0,218.0,33.0,500.0,128.0,25.0,30.5,201.0,46.3,38.2,394.0,20.0,5.1,15.0,0.58,12.5
24,2023-2024,La-Liga,Iñaki Peña,es ESP,GK,Barcelona,25-000,1999,10.0,10.0,900.0,10.0,17.0,1.7,39.0,22.0,56.4,6.0,2.0,2.0,2.0,20.0,0.0,0.0,0.0,0.0,0.0,0.0,0.0,0.0,13.9,0.36,-3.1,-0.31,21.0,49.0,42.9,249.0,46.0,13.3,23.7,48.0,33.3,35.5,116.0,2.0,1.7,5.0,0.5,10.6
25,2023-2024,La-Liga,Predrag Rajković,rs SRB,GK,Mallorca,28-123,1995,26.0,26.0,2340.0,26.0,34.0,1.31,99.0,65.0,69.7,4.0,12.0,10.0,6.0,23.1,4.0,4.0,0.0,0.0,0.0,1.0,4.0,0.0,33.8,0.3,-0.2,-0.01,240.0,580.0,41.4,665.0,68.0,62.6,45.4,228.0,71.9,53.6,389.0,29.0,7.5,22.0,0.85,13.2
26,2023-2024,La-Liga,Álex Remiro,es ESP,GK,Real Sociedad,28-344,1995,25.0,25.0,2195.0,24.4,23.0,0.94,87.0,65.0,75.9,10.0,10.0,5.0,10.0,40.0,2.0,2.0,0.0,0.0,0.0,0.0,3.0,1.0,23.6,0.26,1.6,0.07,129.0,295.0,43.7,745.0,83.0,29.7,31.4,111.0,66.7,51.6,283.0,14.0,4.9,41.0,1.68,17.4
27,2023-2024,La-Liga,Rui Silva,pt POR,GK,Betis,30-024,1994,17.0,17.0,1485.0,16.5,17.0,1.03,64.0,47.0,81.3,6.0,7.0,4.0,8.0,47.1,5.0,5.0,0.0,0.0,0.0,0.0,1.0,0.0,20.4,0.24,3.4,0.2,78.0,237.0,32.9,484.0,72.0,36.2,33.2,114.0,54.4,42.2,228.0,24.0,10.5,20.0,1.21,13.7
28,2023-2024,La-Liga,Unai Simón,es ESP,GK,Athletic Club,26-265,1997,26.0,26.0,2340.0,26.0,26.0,1.0,95.0,70.0,72.6,14.0,7.0,5.0,12.0,46.2,1.0,0.0,1.0,0.0,100.0,0.0,2.0,2.0,28.4,0.29,4.4,0.17,164.0,504.0,32.5,724.0,106.0,49.6,39.1,175.0,82.9,60.3,326.0,22.0,6.7,39.0,1.5,17.6
29,2023-2024,La-Liga,Antonio Sivera,es ESP,GK,Alavés,27-204,1996,26.0,26.0,2340.0,26.0,32.0,1.23,101.0,71.0,75.2,7.0,8.0,11.0,6.0,23.1,7.0,7.0,0.0,0.0,0.0,0.0,2.0,2.0,32.6,0.26,2.6,0.1,197.0,497.0,39.6,595.0,85.0,59.5,43.6,225.0,63.6,45.4,387.0,18.0,4.7,21.0,0.81,13.5
30,2023-2024,La-Liga,David Soria,es ESP,GK,Getafe,30-333,1993,26.0,26.0,2340.0,26.0,38.0,1.46,127.0,88.0,73.2,8.0,10.0,8.0,8.0,30.8,6.0,4.0,1.0,1.0,20.0,0.0,3.0,0.0,40.8,0.3,2.8,0.11,255.0,665.0,38.3,683.0,81.0,70.6,47.1,206.0,88.8,59.2,312.0,13.0,4.2,49.0,1.88,17.7
31,2023-2024,La-Liga,Marc-André ter Stegen,de GER,GK,Barcelona,31-307,1992,16.0,16.0,1440.0,16.0,17.0,1.06,58.0,41.0,70.7,11.0,4.0,1.0,7.0,43.8,0.0,0.0,0.0,0.0,0.0,0.0,1.0,0.0,16.8,0.29,-0.2,-0.01,53.0,86.0,61.6,474.0,58.0,13.9,25.9,83.0,24.1,29.0,192.0,8.0,4.2,20.0,1.25,15.7
32,2023-2024,La-Liga,Álvaro Vallés,es ESP,GK,Las Palmas,26-221,1997,26.0,26.0,2340.0,26.0,26.0,1.0,109.0,82.0,79.8,10.0,6.0,10.0,7.0,26.9,6.0,4.0,1.0,1.0,20.0,0.0,4.0,0.0,34.7,0.29,8.7,0.34,109.0,346.0,31.5,1269.0,135.0,23.2,28.1,117.0,44.4,40.1,409.0,25.0,6.1,71.0,2.73,17.7
33,2023-2024,La-Liga,Iván Villar,es ESP,GK,Celta Vigo,26-237,1997,10.0,10.0,834.0,9.3,15.0,1.62,41.0,25.0,65.9,1.0,3.0,6.0,0.0,0.0,2.0,1.0,1.0,0.0,50.0,0.0,1.0,0.0,14.5,0.31,-0.5,-0.05,32.0,127.0,25.2,183.0,40.0,39.3,36.7,80.0,68.8,49.6,121.0,5.0,4.1,7.0,0.76,12.8
0,2023-2024,Serie-A,Emil Audero,it ITA,GK,Inter,27-044,1997,1.0,1.0,90.0,1.0,0.0,0.0,2.0,2.0,100.0,1.0,0.0,0.0,1.0,100.0,0.0,0.0,0.0,0.0,0.0,0.0,0.0,0.0,0.1,0.06,0.1,0.12,3.0,13.0,23.1,64.0,4.0,17.2,27.2,4.0,50.0,49.0,17.0,0.0,0.0,2.0,2.0,29.0
1,2023-2024,Serie-A,Etrit Berisha,al ALB,GK,Empoli,34-358,1989,14.0,14.0,1260.0,14.0,25.0,1.79,74.0,49.0,68.9,3.0,3.0,8.0,4.0,28.6,3.0,2.0,1.0,0.0,33.3,0.0,5.0,1.0,20.7,0.24,-3.3,-0.24,44.0,184.0,23.9,400.0,75.0,34.8,33.0,90.0,50.0,40.8,236.0,11.0,4.7,10.0,0.71,12.4
2,2023-2024,Serie-A,Elia Caprile,it ITA,GK,Empoli,22-190,2001,11.0,11.0,990.0,11.0,13.0,1.18,48.0,34.0,77.1,3.0,4.0,4.0,3.0,27.3,3.0,2.0,1.0,0.0,33.3,0.0,3.0,0.0,13.9,0.23,0.9,0.08,55.0,151.0,36.4,305.0,54.0,38.4,35.7,70.0,48.6,43.0,199.0,10.0,5.0,12.0,1.09,15.2
3,2023-2024,Serie-A,Marco Carnesecchi,it ITA,GK,Atalanta,23-245,2000,16.0,16.0,1440.0,16.0,16.0,1.0,67.0,49.0,79.1,9.0,3.0,4.0,6.0,37.5,5.0,2.0,2.0,1.0,50.0,0.0,1.0,0.0,18.5,0.22,2.5,0.15,74.0,215.0,34.4,410.0,79.0,32.9,34.5,118.0,67.8,51.2,204.0,15.0,7.4,24.0,1.5,14.1
4,2023-2024,Serie-A,Michele Cerofolini,it ITA,GK,Frosinone,25-058,1999,2.0,2.0,180.0,2.0,4.0,2.0,11.0,7.0,63.6,1.0,0.0,1.0,0.0,0.0,0.0,0.0,0.0,0.0,0.0,0.0,1.0,0.0,2.0,0.2,-2.0,-1.02,4.0,39.0,10.3,53.0,7.0,54.7,39.8,19.0,52.6,43.2,45.0,2.0,4.4,0.0,0.0,5.0
5,2023-2024,Serie-A,Oliver Christensen,dk DEN,GK,Fiorentina,24-346,1999,2.0,2.0,180.0,2.0,6.0,3.0,13.0,7.0,61.5,0.0,1.0,1.0,0.0,0.0,1.0,1.0,0.0,0.0,0.0,0.0,0.0,0.0,3.2,0.18,-2.8,-1.38,14.0,31.0,45.2,78.0,7.0,33.3,33.2,8.0,62.5,49.4,15.0,0.0,0.0,3.0,1.5,22.0
6,2023-2024,Serie-A,Andrea Consigli,it ITA,GK,Sassuolo,37-035,1987,24.0,24.0,2160.0,24.0,48.0,2.0,116.0,69.0,62.9,4.0,5.0,15.0,1.0,4.2,7.0,5.0,1.0,1.0,16.7,1.0,4.0,2.0,36.9,0.27,-9.1,-0.38,107.0,329.0,32.5,698.0,108.0,37.8,35.8,171.0,38.0,34.9,383.0,17.0,4.4,17.0,0.71,12.5
7,2023-2024,Serie-A,Nikita Contini Baranovsky,it ITA,GK,Napoli,27-286,1996,1.0,0.0,17.0,0.2,0.0,0.0,0.0,0.0,0.0,0.0,0.0,0.0,1.0,0.0,0.0,0.0,0.0,0.0,0.0,0.0,0.0,0.0,0.0,0.0,0.0,0.0,0.0,0.0,0.0,3.0,1.0,0.0,17.0,1.0,0.0,15.0,1.0,0.0,0.0,3.0,15.88,37.0
8,2023-2024,Serie-A,Benoît Costil,fr FRA,GK,Salernitana,36-243,1987,8.0,8.0,720.0,8.0,16.0,2.0,44.0,28.0,68.2,2.0,2.0,4.0,1.0,12.5,2.0,2.0,0.0,0.0,0.0,0.0,1.0,0.0,13.8,0.27,-2.2,-0.28,40.0,148.0,27.0,197.0,30.0,49.2,37.9,65.0,78.5,55.3,141.0,0.0,0.0,5.0,0.63,13.4
9,2023-2024,Serie-A,Alessio Cragno,it ITA,GK,Sassuolo,29-248,1994,2.0,2.0,180.0,2.0,6.0,3.0,8.0,3.0,37.5,1.0,0.0,1.0,0.0,0.0,1.0,1.0,0.0,0.0,0.0,0.0,1.0,1.0,3.4,0.3,-1.6,-0.81,10.0,32.0,31.3,47.0,3.0,57.4,41.2,19.0,26.3,29.4,26.0,0.0,0.0,7.0,3.5,28.9
10,2023-2024,Serie-A,Michele Di Gregorio,it ITA,GK,Monza,26-219,1997,23.0,23.0,1972.0,21.9,17.0,0.78,103.0,85.0,84.5,9.0,8.0,6.0,10.0,43.5,2.0,1.0,1.0,0.0,50.0,0.0,4.0,0.0,25.1,0.23,8.1,0.37,100.0,257.0,38.9,723.0,141.0,25.7,29.8,154.0,46.1,41.1,309.0,15.0,4.9,15.0,0.68,11.9
11,2023-2024,Serie-A,Wladimiro Falcone,it ITA,GK,Lecce,28-325,1995,26.0,26.0,2340.0,26.0,43.0,1.65,122.0,79.0,68.0,5.0,9.0,12.0,2.0,7.7,5.0,4.0,1.0,0.0,20.0,1.0,4.0,1.0,40.3,0.3,-1.7,-0.06,92.0,296.0,31.1,580.0,119.0,39.5,33.5,175.0,38.3,32.4,347.0,13.0,3.7,14.0,0.54,11.7
12,2023-2024,Serie-A,Luca Gemello,it ITA,GK,Torino,23-243,2000,1.0,1.0,90.0,1.0,2.0,2.0,2.0,0.0,0.0,0.0,0.0,1.0,0.0,0.0,0.0,0.0,0.0,0.0,0.0,0.0,0.0,0.0,0.3,0.16,-1.7,-1.68,4.0,12.0,33.3,42.0,3.0,28.6,32.6,0.0,0.0,0.0,16.0,2.0,12.5,2.0,2.0,15.8
13,2023-2024,Serie-A,Pierluigi Gollini,it ITA,GK,Napoli,28-350,1995,7.0,7.0,630.0,7.0,8.0,1.14,24.0,16.0,66.7,3.0,1.0,3.0,1.0,14.3,0.0,0.0,0.0,0.0,0.0,0.0,1.0,0.0,8.2,0.34,0.2,0.02,27.0,68.0,39.7,213.0,28.0,22.1,29.5,53.0,39.6,36.3,82.0,5.0,6.1,9.0,1.29,16.2
14,2023-2024,Serie-A,Nicola Leali,it ITA,GK,Genoa,31-014,1993,2.0,1.0,91.0,1.0,2.0,1.98,8.0,6.0,75.0,0.0,0.0,1.0,0.0,0.0,0.0,0.0,0.0,0.0,0.0,0.0,0.0,0.0,2.7,0.34,0.7,0.73,11.0,30.0,36.7,42.0,3.0,69.0,42.5,3.0,33.3,27.0,11.0,1.0,9.1,1.0,0.99,17.8
15,2023-2024,Serie-A,Mike Maignan,fr FRA,GK,Milan,28-243,1995,24.0,24.0,2159.0,24.0,30.0,1.25,97.0,67.0,76.3,15.0,5.0,4.0,8.0,33.3,7.0,7.0,0.0,0.0,0.0,2.0,2.0,0.0,26.2,0.2,-3.8,-0.16,103.0,241.0,42.7,878.0,151.0,22.0,28.5,123.0,39.0,37.8,278.0,30.0,10.8,32.0,1.33,15.6
16,2023-2024,Serie-A,Josep Martinez,es ESP,GK,Genoa,25-280,1998,25.0,25.0,2249.0,25.0,29.0,1.16,90.0,61.0,68.9,8.0,9.0,8.0,6.0,24.0,2.0,1.0,1.0,0.0,50.0,1.0,2.0,1.0,27.4,0.3,-0.6,-0.02,152.0,390.0,39.0,860.0,79.0,36.0,35.6,116.0,69.0,50.3,395.0,32.0,8.1,27.0,1.08,12.2
17,2023-2024,Serie-A,Alex Meret,it ITA,GK,Napoli,26-346,1997,19.0,19.0,1693.0,18.8,22.0,1.17,62.0,39.0,66.1,8.0,6.0,5.0,4.0,21.1,2.0,1.0,1.0,0.0,50.0,0.0,2.0,0.0,22.1,0.33,0.1,0.01,32.0,104.0,30.8,458.0,71.0,18.1,27.5,85.0,24.7,30.0,225.0,4.0,1.8,21.0,1.12,16.6
18,2023-2024,Serie-A,Vanja Milinković-Savić,rs SRB,GK,Torino,27-011,1997,25.0,25.0,2250.0,25.0,23.0,0.92,96.0,73.0,80.2,9.0,9.0,7.0,12.0,48.0,4.0,4.0,0.0,0.0,0.0,0.0,4.0,0.0,23.6,0.21,0.6,0.02,157.0,500.0,31.4,895.0,123.0,42.5,37.3,142.0,84.5,65.1,266.0,28.0,10.5,30.0,1.2,14.0
19,2023-2024,Serie-A,Antonio Mirante,it ITA,GK,Milan,40-238,1983,1.0,1.0,90.0,1.0,1.0,1.0,4.0,3.0,75.0,0.0,0.0,1.0,0.0,0.0,0.0,0.0,0.0,0.0,0.0,0.0,0.0,0.0,1.1,0.33,0.1,0.12,4.0,12.0,33.3,25.0,2.0,40.0,34.4,4.0,50.0,36.0,12.0,0.0,0.0,0.0,0.0,5.5
20,2023-2024,Serie-A,Lorenzo Montipò,it ITA,GK,Hellas Verona,28-011,1996,26.0,26.0,2340.0,26.0,36.0,1.38,113.0,78.0,69.9,4.0,8.0,14.0,5.0,19.2,2.0,2.0,0.0,0.0,0.0,0.0,4.0,1.0,30.4,0.26,-4.6,-0.18,233.0,521.0,44.7,697.0,77.0,52.1,40.1,213.0,74.2,53.9,328.0,10.0,3.0,35.0,1.35,16.3
21,2023-2024,Serie-A,Juan Musso,ar ARG,GK,Atalanta,29-301,1994,10.0,10.0,900.0,10.0,12.0,1.2,31.0,20.0,67.7,5.0,1.0,4.0,5.0,50.0,2.0,2.0,0.0,0.0,0.0,0.0,2.0,1.0,8.9,0.22,-2.1,-0.21,38.0,110.0,34.5,281.0,64.0,24.2,29.5,60.0,70.0,50.2,98.0,10.0,10.2,16.0,1.6,16.8
22,2023-2024,Serie-A,Guillermo Ochoa,mx MEX,GK,Salernitana,38-233,1985,18.0,18.0,1620.0,18.0,37.0,2.06,96.0,60.0,68.8,0.0,5.0,13.0,1.0,5.6,7.0,7.0,0.0,0.0,0.0,0.0,3.0,1.0,30.7,0.25,-5.3,-0.3,70.0,267.0,26.2,409.0,61.0,44.7,37.0,142.0,59.2,44.8,301.0,9.0,3.0,8.0,0.44,13.0
23,2023-2024,Serie-A,Maduka Okoye,ng NGA,GK,Udinese,24-187,1999,9.0,9.0,810.0,9.0,12.0,1.33,41.0,29.0,73.2,2.0,3.0,4.0,3.0,33.3,1.0,1.0,0.0,0.0,0.0,1.0,1.0,0.0,11.5,0.26,-0.5,-0.05,39.0,102.0,38.2,124.0,21.0,54.8,39.5,53.0,64.2,44.9,143.0,5.0,3.5,1.0,0.11,8.0
24,2023-2024,Serie-A,Rui Patrício,pt POR,GK,Roma,36-016,1988,23.0,23.0,2070.0,23.0,27.0,1.17,74.0,49.0,66.2,11.0,5.0,7.0,6.0,26.1,3.0,2.0,0.0,1.0,0.0,0.0,2.0,2.0,23.4,0.29,-1.6,-0.07,90.0,211.0,42.7,492.0,86.0,31.5,31.0,137.0,40.9,34.9,309.0,16.0,5.2,8.0,0.35,11.7
25,2023-2024,Serie-A,Mattia Perin,it ITA,GK,Juventus,31-113,1992,2.0,2.0,180.0,2.0,1.0,0.5,4.0,3.0,75.0,1.0,1.0,0.0,1.0,50.0,0.0,0.0,0.0,0.0,0.0,0.0,0.0,0.0,1.2,0.3,0.2,0.09,5.0,13.0,38.5,42.0,9.0,28.6,29.1,11.0,9.1,18.9,26.0,2.0,7.7,2.0,1.0,15.0
26,2023-2024,Serie-A,Samuele Perisan,it ITA,GK,Empoli,26-194,1997,1.0,1.0,90.0,1.0,2.0,2.0,5.0,3.0,60.0,0.0,0.0,1.0,0.0,0.0,0.0,0.0,0.0,0.0,0.0,0.0,0.0,0.0,0.7,0.14,-1.3,-1.32,1.0,8.0,12.5,22.0,8.0,27.3,26.3,12.0,16.7,29.6,18.0,0.0,0.0,1.0,1.0,21.0
27,2023-2024,Serie-A,Ivan Provedel,it ITA,GK,Lazio,29-351,1994,27.0,27.0,2430.0,27.0,29.0,1.07,104.0,75.0,74.0,12.0,4.0,11.0,9.0,33.3,3.0,2.0,0.0,1.0,0.0,0.0,1.0,0.0,26.5,0.23,-2.5,-0.09,85.0,223.0,38.1,770.0,98.0,22.1,30.8,155.0,34.2,36.4,338.0,15.0,4.4,14.0,0.52,12.3
28,2023-2024,Serie-A,Boris Radunović,rs SRB,GK,Cagliari,27-281,1996,7.0,7.0,630.0,7.0,12.0,1.71,27.0,16.0,55.6,0.0,2.0,5.0,2.0,28.6,1.0,0.0,0.0,1.0,0.0,0.0,1.0,1.0,10.1,0.38,-0.9,-0.13,41.0,91.0,45.1,156.0,31.0,35.9,37.0,66.0,53.0,43.8,98.0,6.0,6.1,4.0,0.57,11.2
29,2023-2024,Serie-A,Federico Ravaglia,it ITA,GK,Bologna,24-112,1999,3.0,3.0,270.0,3.0,1.0,0.33,7.0,6.0,85.7,2.0,1.0,0.0,2.0,66.7,0.0,0.0,0.0,0.0,0.0,1.0,0.0,0.0,1.7,0.24,0.7,0.23,4.0,21.0,19.0,103.0,14.0,15.5,25.2,12.0,41.7,35.9,35.0,1.0,2.9,3.0,1.0,23.5
30,2023-2024,Serie-A,Simone Scuffet,it ITA,GK,Cagliari,27-276,1996,19.0,19.0,1710.0,19.0,35.0,1.84,79.0,45.0,58.2,4.0,6.0,9.0,1.0,5.3,2.0,2.0,0.0,0.0,0.0,1.0,7.0,1.0,28.4,0.34,-5.6,-0.29,103.0,263.0,39.2,435.0,76.0,38.6,35.2,155.0,61.3,45.5,268.0,13.0,4.9,14.0,0.74,12.1
31,2023-2024,Serie-A,Marco Silvestri,it ITA,GK,Udinese,33-000,1991,17.0,17.0,1530.0,17.0,28.0,1.65,68.0,40.0,67.6,1.0,11.0,5.0,4.0,23.5,6.0,6.0,0.0,0.0,0.0,0.0,2.0,0.0,25.7,0.29,-2.3,-0.14,57.0,168.0,33.9,345.0,68.0,33.6,32.3,105.0,49.5,42.1,282.0,5.0,1.8,7.0,0.41,13.1
32,2023-2024,Serie-A,Łukasz Skorupski,pl POL,GK,Bologna,32-302,1991,23.0,23.0,2070.0,23.0,22.0,0.96,81.0,59.0,76.5,11.0,8.0,4.0,9.0,39.1,6.0,3.0,1.0,2.0,25.0,0.0,2.0,1.0,21.4,0.22,0.4,0.02,78.0,224.0,34.8,614.0,99.0,27.7,30.0,138.0,39.1,37.2,323.0,10.0,3.1,5.0,0.22,10.4
33,2023-2024,Serie-A,Yann Sommer,ch SUI,GK,Inter,35-076,1988,25.0,25.0,2250.0,25.0,12.0,0.48,65.0,52.0,84.6,21.0,3.0,1.0,16.0,64.0,4.0,2.0,1.0,1.0,33.3,0.0,1.0,0.0,16.8,0.21,4.8,0.19,79.0,171.0,46.2,729.0,89.0,18.8,26.6,141.0,24.1,28.0,285.0,13.0,4.6,11.0,0.44,12.1
34,2023-2024,Serie-A,Alessandro Sorrentino,it ITA,GK,Monza,21-334,2002,5.0,3.0,368.0,4.1,13.0,3.18,23.0,10.0,60.9,0.0,1.0,2.0,0.0,0.0,4.0,4.0,0.0,0.0,0.0,0.0,0.0,0.0,11.5,0.34,-1.5,-0.36,12.0,43.0,27.9,100.0,23.0,30.0,31.5,27.0,48.1,41.1,43.0,2.0,4.7,0.0,0.0,9.7
35,2023-2024,Serie-A,Marco Sportiello,it ITA,GK,Milan,31-297,1992,2.0,2.0,180.0,2.0,1.0,0.5,8.0,7.0,87.5,2.0,0.0,0.0,1.0,50.0,0.0,0.0,0.0,0.0,0.0,0.0,0.0,0.0,1.3,0.16,0.3,0.14,5.0,15.0,33.3,69.0,13.0,21.7,28.0,2.0,0.0,28.5,28.0,2.0,7.1,2.0,1.0,13.2
36,2023-2024,Serie-A,Mile Svilar,rs SRB,GK,Roma,24-188,1999,3.0,3.0,270.0,3.0,5.0,1.67,18.0,14.0,72.2,2.0,0.0,1.0,1.0,33.3,0.0,0.0,0.0,0.0,0.0,0.0,1.0,1.0,3.2,0.18,-0.8,-0.27,8.0,18.0,44.4,103.0,18.0,11.7,22.3,14.0,42.9,37.0,45.0,5.0,11.1,1.0,0.33,10.9
37,2023-2024,Serie-A,Wojciech Szczęsny,pl POL,GK,Juventus,33-319,1990,24.0,24.0,2160.0,24.0,18.0,0.75,72.0,56.0,75.0,16.0,5.0,3.0,11.0,45.8,0.0,0.0,0.0,0.0,0.0,0.0,2.0,2.0,17.0,0.24,1.0,0.04,113.0,254.0,44.5,587.0,81.0,33.4,33.2,118.0,49.2,43.7,382.0,19.0,5.0,14.0,0.58,11.1
38,2023-2024,Serie-A,Pietro Terracciano,it ITA,GK,Fiorentina,33-360,1990,24.0,24.0,2160.0,24.0,24.0,1.0,92.0,67.0,79.3,12.0,4.0,8.0,6.0,25.0,6.0,5.0,1.0,0.0,16.7,2.0,2.0,0.0,28.8,0.25,4.8,0.2,119.0,274.0,43.4,761.0,88.0,28.8,32.0,117.0,47.0,38.6,217.0,6.0,2.8,19.0,0.79,14.7
39,2023-2024,Serie-A,Stefano Turati,it ITA,GK,Frosinone,22-179,2001,24.0,24.0,2160.0,24.0,51.0,2.12,121.0,70.0,61.2,5.0,5.0,14.0,2.0,8.3,6.0,4.0,1.0,1.0,20.0,0.0,8.0,1.0,38.4,0.29,-11.6,-0.48,56.0,223.0,25.1,762.0,117.0,24.0,27.7,113.0,35.4,33.6,339.0,16.0,4.7,18.0,0.75,13.9
0,2023-2024,Ligue-1,Alaa Bellaarouch,ma MAR,GK,Strasbourg,22-061,2002,4.0,4.0,360.0,4.0,11.0,2.75,25.0,13.0,60.0,0.0,0.0,4.0,0.0,0.0,2.0,1.0,1.0,0.0,50.0,0.0,0.0,0.0,8.5,0.26,-2.5,-0.64,6.0,26.0,23.1,105.0,22.0,23.8,29.4,8.0,12.5,28.8,47.0,7.0,14.9,5.0,1.25,11.5
1,2023-2024,Ligue-1,Marco Bizot,nl NED,GK,Brest,32-358,1991,21.0,21.0,1886.0,21.0,18.0,0.86,84.0,65.0,79.8,10.0,7.0,4.0,9.0,42.9,2.0,1.0,1.0,0.0,50.0,0.0,2.0,0.0,23.2,0.26,5.2,0.25,163.0,342.0,47.7,600.0,82.0,41.5,36.0,123.0,75.6,51.0,245.0,15.0,6.1,30.0,1.43,16.4
2,2023-2024,Ligue-1,Rubén Blanco,es ESP,GK,Marseille,28-221,1995,2.0,1.0,121.0,1.3,2.0,1.49,6.0,4.0,66.7,0.0,0.0,1.0,0.0,0.0,0.0,0.0,0.0,0.0,0.0,0.0,0.0,0.0,1.3,0.21,-0.7,-0.55,5.0,12.0,41.7,41.0,6.0,26.8,28.4,10.0,10.0,27.0,24.0,4.0,16.7,1.0,0.74,10.4
3,2023-2024,Ligue-1,Marcin Bułka,pl POL,GK,Nice,24-150,1999,23.0,23.0,2070.0,23.0,15.0,0.65,63.0,45.0,79.4,11.0,7.0,5.0,14.0,60.9,5.0,2.0,3.0,0.0,60.0,0.0,0.0,0.0,19.6,0.24,4.6,0.2,49.0,110.0,44.5,717.0,109.0,12.4,23.0,94.0,22.3,24.8,234.0,17.0,7.3,12.0,0.52,11.9
4,2023-2024,Ligue-1,Lucas Chevalier,fr FRA,GK,Lille,22-117,2001,23.0,23.0,2070.0,23.0,20.0,0.87,83.0,63.0,78.3,10.0,8.0,5.0,13.0,56.5,4.0,2.0,2.0,0.0,50.0,0.0,2.0,2.0,24.9,0.26,6.9,0.3,47.0,199.0,23.6,740.0,79.0,22.8,28.5,73.0,41.1,39.1,246.0,11.0,4.5,19.0,0.83,13.7
5,2023-2024,Ligue-1,Grégoire Coudert,fr FRA,GK,Brest,24-334,1999,3.0,2.0,181.0,2.0,0.0,0.0,4.0,4.0,100.0,2.0,0.0,0.0,2.0,100.0,0.0,0.0,0.0,0.0,0.0,0.0,0.0,0.0,0.3,0.07,0.3,0.13,12.0,36.0,33.3,70.0,10.0,41.4,37.2,10.0,70.0,55.4,24.0,0.0,0.0,2.0,0.99,23.0
6,2023-2024,Ligue-1,Rémy Descamps,fr FRA,GK,Nantes,27-251,1996,6.0,6.0,540.0,6.0,11.0,1.83,37.0,26.0,73.0,2.0,2.0,2.0,1.0,16.7,2.0,1.0,0.0,1.0,0.0,0.0,0.0,0.0,12.5,0.35,1.5,0.26,51.0,125.0,40.8,141.0,28.0,51.1,40.3,71.0,74.6,49.8,116.0,8.0,6.9,0.0,0.0,7.8
7,2023-2024,Ligue-1,Arthur Desmas,fr FRA,GK,Le Havre,29-330,1994,22.0,22.0,1980.0,22.0,28.0,1.27,107.0,80.0,73.8,5.0,9.0,8.0,6.0,27.3,2.0,0.0,1.0,1.0,100.0,0.0,3.0,2.0,32.8,0.31,6.8,0.31,92.0,271.0,33.9,461.0,97.0,43.4,36.3,148.0,48.0,37.4,319.0,18.0,5.6,13.0,0.59,12.1
8,2023-2024,Ligue-1,Mory Diaw,sn SEN,GK,Clermont Foot,30-254,1993,21.0,21.0,1890.0,21.0,34.0,1.62,137.0,103.0,77.4,2.0,7.0,12.0,5.0,23.8,5.0,3.0,1.0,1.0,25.0,0.0,4.0,1.0,36.8,0.25,3.8,0.18,150.0,411.0,36.5,768.0,87.0,43.6,37.0,131.0,58.0,44.4,299.0,30.0,10.0,37.0,1.76,15.2
9,2023-2024,Ligue-1,Guillaume Dietsch,fr FRA,GK,Metz,22-320,2001,1.0,0.0,73.0,0.8,1.0,1.23,3.0,2.0,66.7,0.0,0.0,0.0,0.0,0.0,0.0,0.0,0.0,0.0,0.0,0.0,0.0,0.0,0.8,0.31,-0.2,-0.21,6.0,16.0,37.5,19.0,3.0,47.4,36.4,7.0,100.0,63.0,14.0,1.0,7.1,0.0,0.0,3.0
10,2023-2024,Ligue-1,Yehvann Diouf,fr FRA,GK,Reims,24-107,1999,23.0,23.0,2070.0,23.0,31.0,1.35,89.0,57.0,68.5,10.0,4.0,9.0,6.0,26.1,4.0,3.0,1.0,0.0,25.0,0.0,3.0,0.0,27.6,0.27,-3.4,-0.15,87.0,227.0,38.3,773.0,124.0,23.4,29.6,106.0,43.4,37.5,335.0,26.0,7.8,27.0,1.17,13.7
11,2023-2024,Ligue-1,Gianluigi Donnarumma,it ITA,GK,Paris S-G,25-006,1999,21.0,21.0,1809.0,20.1,16.0,0.8,83.0,66.0,83.1,14.0,6.0,1.0,9.0,42.9,3.0,2.0,1.0,0.0,33.3,0.0,2.0,0.0,25.0,0.28,9.0,0.45,29.0,69.0,42.0,537.0,94.0,10.8,23.7,105.0,10.5,20.7,230.0,13.0,5.7,22.0,1.09,14.0
12,2023-2024,Ligue-1,Mathieu Gorgelin,fr FRA,GK,Le Havre,33-210,1990,1.0,1.0,90.0,1.0,2.0,2.0,5.0,3.0,80.0,0.0,0.0,1.0,0.0,0.0,1.0,1.0,0.0,0.0,0.0,0.0,0.0,0.0,2.9,0.39,0.9,0.92,3.0,9.0,33.3,17.0,0.0,47.1,33.1,2.0,50.0,32.5,12.0,0.0,0.0,1.0,1.0,14.5
13,2023-2024,Ligue-1,Philipp Köhn,ch SUI,GK,Monaco,25-335,1998,22.0,22.0,1980.0,22.0,32.0,1.45,97.0,65.0,72.2,11.0,5.0,6.0,5.0,22.7,6.0,5.0,1.0,0.0,16.7,1.0,6.0,1.0,32.0,0.27,1.0,0.05,82.0,249.0,32.9,536.0,91.0,32.5,32.1,130.0,57.7,43.5,282.0,22.0,7.8,19.0,0.86,11.3
14,2023-2024,Ligue-1,Alban Lafont,fr FRA,GK,Nantes,25-039,1999,17.0,17.0,1506.0,16.7,22.0,1.31,73.0,51.0,75.3,5.0,2.0,10.0,5.0,29.4,4.0,4.0,0.0,0.0,0.0,0.0,1.0,0.0,23.0,0.28,1.0,0.06,71.0,232.0,30.6,518.0,78.0,32.2,32.8,104.0,62.5,46.5,226.0,19.0,8.4,20.0,1.2,13.7
15,2023-2024,Ligue-1,Benjamin Lecomte,fr FRA,GK,Montpellier,32-311,1991,23.0,23.0,2070.0,23.0,31.0,1.35,110.0,81.0,73.6,5.0,8.0,10.0,8.0,34.8,3.0,2.0,1.0,0.0,33.3,2.0,2.0,3.0,29.0,0.24,1.0,0.04,122.0,345.0,35.4,586.0,100.0,46.9,37.1,177.0,39.5,35.6,350.0,18.0,5.1,3.0,0.13,8.3
16,2023-2024,Ligue-1,Anthony Lopes,pt POR,GK,Lyon,33-153,1990,20.0,20.0,1800.0,20.0,29.0,1.45,99.0,69.0,72.7,8.0,3.0,9.0,7.0,35.0,3.0,2.0,1.0,0.0,33.3,0.0,2.0,0.0,27.0,0.25,-2.0,-0.1,88.0,249.0,35.3,522.0,97.0,37.4,33.5,134.0,40.3,34.4,267.0,19.0,7.1,20.0,1.0,14.0
17,2023-2024,Ligue-1,Pau López,es ESP,GK,Marseille,29-080,1994,22.0,22.0,1949.0,21.7,23.0,1.06,83.0,60.0,72.3,8.0,9.0,5.0,6.0,27.3,0.0,0.0,0.0,0.0,0.0,1.0,5.0,0.0,19.7,0.24,-3.3,-0.15,54.0,186.0,29.0,666.0,73.0,23.3,28.5,95.0,32.6,32.2,267.0,8.0,3.0,16.0,0.74,14.2
18,2023-2024,Ligue-1,Radosław Majecki,pl POL,GK,Monaco,24-107,1999,2.0,2.0,180.0,2.0,2.0,1.0,17.0,15.0,88.2,1.0,1.0,0.0,1.0,50.0,0.0,0.0,0.0,0.0,0.0,0.0,0.0,0.0,5.0,0.33,3.0,1.48,7.0,29.0,24.1,47.0,12.0,42.6,37.0,14.0,64.3,44.8,34.0,3.0,8.8,1.0,0.5,8.2
19,2023-2024,Ligue-1,Steve Mandanda,fr FRA,GK,Rennes,38-340,1985,23.0,23.0,2070.0,23.0,27.0,1.17,97.0,72.0,74.2,9.0,8.0,6.0,5.0,21.7,2.0,2.0,0.0,0.0,0.0,0.0,4.0,2.0,22.9,0.22,-2.1,-0.09,93.0,322.0,28.9,731.0,99.0,31.7,32.5,141.0,63.8,45.2,321.0,20.0,6.2,26.0,1.13,15.8
20,2023-2024,Ligue-1,Yvon Mvogo,ch SUI,GK,Lorient,29-270,1994,23.0,23.0,2070.0,23.0,44.0,1.91,145.0,101.0,73.8,5.0,7.0,11.0,3.0,13.0,6.0,6.0,0.0,0.0,0.0,1.0,6.0,0.0,42.3,0.26,-1.7,-0.07,90.0,247.0,36.4,634.0,117.0,29.0,31.8,136.0,46.3,37.4,415.0,20.0,4.8,8.0,0.35,8.3
21,2023-2024,Ligue-1,Keylor Navas,cr CRC,GK,Paris S-G,37-078,1986,1.0,1.0,90.0,1.0,1.0,1.0,3.0,2.0,66.7,1.0,0.0,0.0,0.0,0.0,0.0,0.0,0.0,0.0,0.0,0.0,0.0,0.0,0.6,0.21,-0.4,-0.37,2.0,3.0,66.7,29.0,3.0,10.3,24.5,4.0,0.0,16.8,10.0,0.0,0.0,0.0,0.0,4.0
22,2023-2024,Ligue-1,Massamba Ndiaye,sn SEN,GK,Clermont Foot,22-146,2001,2.0,2.0,180.0,2.0,2.0,1.0,12.0,10.0,83.3,1.0,1.0,0.0,0.0,0.0,0.0,0.0,0.0,0.0,0.0,0.0,1.0,0.0,3.3,0.27,1.3,0.64,7.0,22.0,31.8,69.0,17.0,26.1,27.8,11.0,36.4,31.5,33.0,3.0,9.1,1.0,0.5,11.2
23,2023-2024,Ligue-1,Alexandre Oukidja,dz ALG,GK,Metz,35-227,1988,23.0,23.0,1997.0,22.2,36.0,1.62,124.0,88.0,74.2,4.0,5.0,14.0,3.0,13.0,4.0,4.0,0.0,0.0,0.0,1.0,3.0,0.0,30.8,0.23,-5.2,-0.23,148.0,425.0,34.8,458.0,80.0,56.6,41.9,180.0,92.2,60.3,350.0,25.0,7.1,13.0,0.59,10.2
24,2023-2024,Ligue-1,Denis Petrić,rs SRB,GK,Nantes,35-283,1988,1.0,0.0,24.0,0.3,1.0,3.75,1.0,0.0,0.0,0.0,0.0,0.0,0.0,0.0,0.0,0.0,0.0,0.0,0.0,0.0,1.0,0.0,0.3,0.28,-0.7,-2.71,1.0,2.0,50.0,7.0,2.0,28.6,30.7,0.0,0.0,0.0,4.0,0.0,0.0,0.0,0.0,0.0
25,2023-2024,Ligue-1,Guillaume Restes,fr FRA,GK,Toulouse,18-357,2005,23.0,23.0,2070.0,23.0,31.0,1.35,93.0,62.0,71.0,6.0,8.0,9.0,4.0,17.4,4.0,4.0,0.0,0.0,0.0,1.0,4.0,0.0,31.1,0.29,0.1,0.0,67.0,213.0,31.5,507.0,66.0,28.4,29.6,124.0,55.6,41.6,371.0,3.0,0.8,12.0,0.52,10.8
26,2023-2024,Ligue-1,Rémy Riou,fr FRA,GK,Lyon,36-209,1987,3.0,3.0,270.0,3.0,6.0,2.0,14.0,8.0,57.1,0.0,1.0,2.0,1.0,33.3,0.0,0.0,0.0,0.0,0.0,1.0,0.0,0.0,4.7,0.33,-1.3,-0.44,5.0,24.0,20.8,81.0,13.0,16.0,26.1,23.0,47.8,39.0,32.0,3.0,9.4,3.0,1.0,13.4
27,2023-2024,Ligue-1,Brice Samba,fr FRA,GK,Lens,29-312,1994,23.0,23.0,2070.0,23.0,24.0,1.04,94.0,70.0,78.7,10.0,6.0,7.0,10.0,43.5,6.0,4.0,1.0,1.0,20.0,0.0,6.0,1.0,31.3,0.28,8.3,0.36,117.0,264.0,44.3,667.0,102.0,33.3,32.1,117.0,35.9,31.6,270.0,25.0,9.3,17.0,0.74,13.3
28,2023-2024,Ligue-1,Matz Sels,be BEL,GK,Strasbourg,32-005,1992,19.0,19.0,1710.0,19.0,24.0,1.26,62.0,40.0,62.9,6.0,7.0,6.0,3.0,15.8,1.0,1.0,0.0,0.0,0.0,0.0,2.0,2.0,20.0,0.31,-2.0,-0.11,88.0,226.0,38.9,505.0,68.0,37.4,34.5,113.0,32.7,33.7,257.0,6.0,2.3,19.0,1.0,13.9
29,2023-2024,Ligue-1,Arnau Tenas,es ESP,GK,Paris S-G,22-277,2001,3.0,2.0,259.0,2.9,2.0,0.69,13.0,11.0,84.6,1.0,1.0,0.0,1.0,50.0,0.0,0.0,0.0,0.0,0.0,0.0,1.0,0.0,2.3,0.18,0.3,0.12,3.0,17.0,17.6,84.0,12.0,15.5,26.8,21.0,19.0,28.3,42.0,1.0,2.4,3.0,1.04,15.1
