,season,league_name,squad,players_used,avg_age,possession,games,games_starts,minutes,minutes_90s,goals,assists,goals_assists,goals_pens,pens_made,pens_att,cards_yellow,cards_red,xg,npxg,xg_assist,npxg_xg_assist,progressive_carries,progressive_passes,goals_per90,assists_per90,goals_assists_per90,goals_pens_per90,goals_assists_pens_per90,xg_per90,xg_assist_per90,xg_xg_assist_per90,npxg_per90,npxg_xg_assist_per90,gk_games,gk_games_starts,gk_minutes,gk_goals_against,gk_goals_against_per90,gk_shots_on_target_against,gk_saves,gk_save_pct,gk_wins,gk_ties,gk_losses,gk_clean_sheets,gk_clean_sheets_pct,gk_pens_att,gk_pens_allowed,gk_pens_saved,gk_pens_missed,gk_pens_save_pct,gk_goals_against_right,gk_pens_allowed_right,gk_free_kick_goals_against,gk_corner_kick_goals_against,gk_own_goals_against,gk_psxg,gk_psnpxg_per_shot_on_target_against,gk_psxg_net,gk_psxg_net_per90,gk_passes_completed_launched,gk_passes_launched,gk_passes_pct_launched,gk_passes,gk_passes_throws,gk_pct_passes_launched,gk_passes_length_avg,gk_goal_kicks,gk_pct_goal_kicks_launched,gk_goal_kick_length_avg,gk_crosses,gk_crosses_stopped,gk_crosses_stopped_pct,gk_def_actions_outside_pen_area,gk_def_actions_outside_pen_area_per90,gk_avg_distance_def_actions,goals_right,shots,shots_on_target,shots_on_target_pct,shots_per90,shots_on_target_per90,goals_per_shot,goals_per_shot_on_target,average_shot_distance,shots_free_kicks,pens_made_right,pens_att_right,xg_right,npxg_right,npxg_per_shot,xg_net,npxg_net,passes_completed,passes,passes_pct,passes_total_distance,passes_progressive_distance,passes_completed_short,passes_short,passes_pct_short,passes_completed_medium,passes_medium,passes_pct_medium,passes_completed_long,passes_long,passes_pct_long,assists_right,xg_assist_right,pass_xa,xg_assist_net,assisted_shots,passes_into_final_third,passes_into_penalty_area,crosses_into_penalty_area,progressive_passes_right,passes_right,passes_live,passes_dead,passes_free_kicks,through_balls,passes_switches,crosses,throw_ins,corner_kicks,corner_kicks_in,corner_kicks_out,corner_kicks_straight,passes_completed_right,passes_offsides,passes_blocked,sca,sca_per90,sca_passes_live,sca_passes_dead,sca_take_ons,sca_shots,sca_fouled,sca_defense,gca,gca_per90,gca_passes_live,gca_passes_dead,gca_take_ons,gca_shots,gca_fouled,gca_defense,tackles,tackles_won,tackles_def_3rd,tackles_mid_3rd,tackles_att_3rd,challenge_tackles,challenges,challenge_tackles_pct,challenges_lost,blocks,blocked_shots,blocked_passes,interceptions,tackles_interceptions,clearances,errors,possession_right,touches,touches_def_pen_area,touches_def_3rd,touches_mid_3rd,touches_att_3rd,touches_att_pen_area,touches_live_ball,take_ons,take_ons_won,take_ons_won_pct,take_ons_tackled,take_ons_tackled_pct,carries,carries_distance,carries_progressive_distance,progressive_carries_right,carries_into_final_third,carries_into_penalty_area,miscontrols,dispossessed,passes_received,progressive_passes_received,cards_yellow_right,cards_red_right,cards_yellow_red,fouls,fouled,offsides,crosses_right,interceptions_right,tackles_won_right,pens_won,pens_conceded,own_goals,ball_recoveries,aerials_won,aerials_lost,aerials_won_pct,players_used_right,avg_age_right,games_right,minutes_right,minutes_per_game,minutes_pct,minutes_90s_right,games_starts_right,minutes_per_start,games_complete,games_subs,minutes_per_sub,unused_subs,points_per_game,on_goals_for,on_goals_against,plus_minus,plus_minus_per90,on_xg_for,on_xg_against,xg_plus_minus,xg_plus_minus_per90
0,2023-2024,Premier-League,Arsenal,25.0,25.5,61.1,27.0,297.0,2430.0,27.0,65.0,45.0,110.0,57.0,8.0,8.0,41.0,2.0,55.3,49.3,38.3,87.5,609.0,1571.0,2.41,1.67,4.07,2.11,3.78,2.05,1.42,3.47,1.82,3.24,27.0,27.0,2430.0,23.0,0.85,61.0,38.0,63.9,19.0,4.0,4.0,11.0,40.7,2.0,1.0,1.0,0.0,50.0,23.0,1.0,0.0,5.0,1.0,17.8,0.27,-4.2,-0.15,92.0,278.0,33.1,735.0,139.0,31.7,29.5,133.0,33.8,31.1,229.0,32.0,14.0,48.0,1.78,18.3,65.0,453.0,148.0,32.7,16.78,5.48,0.13,0.39,16.0,4.0,8.0,8.0,55.3,49.3,0.11,9.7,7.7,14407.0,16908.0,85.2,236253.0,74956.0,7130.0,7802.0,91.4,6104.0,6818.0,89.5,898.0,1608.0,55.8,45.0,38.3,40.7,6.7,353.0,1189.0,378.0,51.0,1571.0,16908.0,15741.0,1105.0,317.0,79.0,50.0,514.0,401.0,204.0,166.0,1.0,0.0,14407.0,62.0,215.0,828.0,30.67,641.0,64.0,42.0,46.0,25.0,10.0,113.0,4.19,70.0,15.0,8.0,9.0,11.0,0.0,429.0,245.0,177.0,173.0,79.0,203.0,379.0,53.6,176.0,302.0,76.0,226.0,201.0,630.0,339.0,13.0,61.1,19647.0,1329.0,4815.0,8617.0,6340.0,1025.0,19639.0,484.0,199.0,41.1,218.0,45.0,12350.0,60315.0,31078.0,609.0,411.0,224.0,368.0,273.0,14269.0,1557.0,41.0,2.0,1.0,258.0,286.0,62.0,514.0,201.0,245.0,7.0,2.0,1.0,1259.0,356.0,350.0,50.4,25.0,25.5,27.0,2430.0,90.0,100.0,27.0,297.0,83.0,184.0,112.0,18.0,131.0,2.26,68.0,23.0,45.0,1.67,55.3,18.4,36.9,1.37
1,2023-2024,Premier-League,Aston Villa,28.0,27.6,55.6,27.0,297.0,2430.0,27.0,56.0,41.0,97.0,52.0,4.0,4.0,73.0,1.0,50.2,47.2,37.2,84.3,585.0,1122.0,2.07,1.52,3.59,1.93,3.44,1.86,1.38,3.24,1.75,3.12,27.0,27.0,2430.0,37.0,1.37,109.0,75.0,66.1,17.0,4.0,6.0,6.0,22.2,0.0,0.0,0.0,0.0,0.0,37.0,0.0,0.0,10.0,3.0,38.0,0.36,4.0,0.15,99.0,251.0,39.4,951.0,128.0,21.5,27.5,157.0,29.9,29.4,305.0,33.0,10.8,56.0,2.07,18.2,56.0,394.0,146.0,37.1,14.59,5.41,0.13,0.36,16.2,13.0,4.0,4.0,50.2,47.2,0.12,5.8,4.8,11920.0,14247.0,83.7,207726.0,70157.0,5246.0,5818.0,90.2,5456.0,6117.0,89.2,986.0,1711.0,57.6,41.0,37.2,34.0,3.8,308.0,883.0,276.0,54.0,1122.0,14247.0,12911.0,1307.0,452.0,63.0,75.0,483.0,466.0,168.0,106.0,9.0,2.0,11920.0,29.0,245.0,706.0,26.15,520.0,58.0,37.0,58.0,25.0,8.0,100.0,3.7,70.0,7.0,5.0,9.0,7.0,2.0,388.0,229.0,183.0,157.0,48.0,184.0,383.0,48.0,199.0,271.0,72.0,199.0,177.0,565.0,434.0,6.0,55.6,16940.0,1870.0,5635.0,7355.0,4110.0,778.0,16936.0,551.0,251.0,45.6,224.0,40.7,10701.0,58695.0,31128.0,585.0,372.0,165.0,345.0,305.0,11681.0,1112.0,73.0,1.0,0.0,293.0,334.0,29.0,483.0,177.0,229.0,4.0,0.0,3.0,1192.0,250.0,278.0,47.3,28.0,27.6,27.0,2430.0,90.0,100.0,27.0,297.0,83.0,192.0,107.0,18.0,133.0,2.04,59.0,37.0,22.0,0.81,50.2,38.3,11.9,0.44
2,2023-2024,Premier-League,Bournemouth,27.0,26.4,43.4,26.0,286.0,2340.0,26.0,35.0,25.0,60.0,34.0,1.0,1.0,53.0,2.0,36.9,36.1,26.7,62.8,435.0,862.0,1.35,0.96,2.31,1.31,2.27,1.42,1.03,2.45,1.39,2.41,26.0,26.0,2340.0,47.0,1.81,136.0,89.0,68.4,8.0,7.0,11.0,6.0,23.1,5.0,4.0,1.0,0.0,20.0,47.0,4.0,1.0,5.0,1.0,43.9,0.29,-2.1,-0.08,135.0,394.0,34.3,677.0,120.0,41.8,36.4,193.0,57.5,44.2,335.0,22.0,6.6,22.0,0.85,13.2,35.0,343.0,112.0,32.7,13.19,4.31,0.1,0.3,16.6,11.0,1.0,1.0,36.9,36.1,0.11,-1.9,-2.1,8079.0,10816.0,74.7,148778.0,55897.0,3389.0,3980.0,85.2,3575.0,4205.0,85.0,918.0,1976.0,46.5,25.0,26.7,22.6,-1.7,254.0,694.0,236.0,56.0,862.0,10816.0,9531.0,1239.0,277.0,34.0,63.0,444.0,542.0,154.0,124.0,4.0,3.0,8079.0,46.0,246.0,600.0,23.08,443.0,47.0,39.0,32.0,20.0,19.0,55.0,2.12,39.0,2.0,4.0,4.0,2.0,4.0,495.0,283.0,224.0,193.0,78.0,227.0,483.0,47.0,256.0,347.0,108.0,239.0,243.0,738.0,551.0,10.0,43.4,14091.0,1740.0,4757.0,5814.0,3695.0,672.0,14090.0,599.0,262.0,43.7,284.0,47.4,7435.0,44169.0,22609.0,435.0,333.0,141.0,434.0,278.0,8001.0,852.0,53.0,2.0,0.0,343.0,254.0,46.0,444.0,243.0,283.0,1.0,5.0,1.0,1401.0,379.0,462.0,45.1,27.0,26.4,26.0,2340.0,90.0,100.0,26.0,286.0,82.0,170.0,116.0,20.0,118.0,1.19,35.0,47.0,-12.0,-0.46,36.9,41.7,-4.8,-0.18
3,2023-2024,Premier-League,Brentford,28.0,27.4,45.0,27.0,297.0,2430.0,27.0,38.0,24.0,62.0,35.0,3.0,3.0,61.0,1.0,43.0,40.8,30.0,70.8,342.0,920.0,1.41,0.89,2.3,1.3,2.19,1.59,1.11,2.7,1.51,2.62,27.0,27.0,2430.0,50.0,1.85,139.0,89.0,64.7,7.0,5.0,15.0,4.0,14.8,1.0,1.0,0.0,0.0,0.0,50.0,1.0,0.0,5.0,0.0,42.0,0.3,-8.0,-0.3,171.0,467.0,36.6,964.0,98.0,36.3,35.8,221.0,52.9,41.7,434.0,26.0,6.0,22.0,0.81,10.0,38.0,340.0,111.0,32.6,12.59,4.11,0.1,0.32,15.1,12.0,3.0,3.0,43.0,40.8,0.12,-5.0,-5.8,9158.0,12156.0,75.3,163991.0,62370.0,4073.0,4793.0,85.0,3879.0,4716.0,82.3,982.0,1979.0,49.6,24.0,30.0,28.6,-6.0,227.0,692.0,228.0,75.0,920.0,12156.0,10865.0,1242.0,324.0,45.0,88.0,485.0,498.0,122.0,64.0,25.0,4.0,9158.0,49.0,231.0,568.0,21.04,396.0,66.0,20.0,45.0,30.0,11.0,54.0,2.0,35.0,5.0,1.0,7.0,6.0,0.0,489.0,291.0,255.0,180.0,54.0,230.0,507.0,45.4,277.0,316.0,92.0,224.0,274.0,763.0,649.0,13.0,45.0,15261.0,2096.0,5796.0,5976.0,3613.0,688.0,15258.0,398.0,158.0,39.7,193.0,48.5,7806.0,40002.0,20659.0,342.0,238.0,110.0,385.0,188.0,9058.0,919.0,61.0,1.0,0.0,271.0,293.0,49.0,485.0,274.0,291.0,3.0,1.0,0.0,1350.0,432.0,432.0,50.0,28.0,27.4,27.0,2430.0,90.0,100.0,27.0,297.0,84.0,180.0,117.0,16.0,126.0,0.96,39.0,50.0,-11.0,-0.41,43.0,41.1,1.8,0.07
4,2023-2024,Premier-League,Brighton,27.0,26.7,62.3,27.0,297.0,2430.0,27.0,46.0,35.0,81.0,41.0,5.0,5.0,66.0,3.0,45.1,41.4,33.1,74.5,624.0,1370.0,1.7,1.3,3.0,1.52,2.81,1.67,1.23,2.9,1.53,2.76,27.0,27.0,2430.0,44.0,1.63,111.0,69.0,64.9,10.0,9.0,8.0,3.0,11.1,5.0,5.0,0.0,0.0,0.0,44.0,5.0,0.0,6.0,2.0,36.4,0.29,-5.6,-0.21,68.0,183.0,37.2,937.0,129.0,18.0,27.2,176.0,8.0,13.8,282.0,16.0,5.7,46.0,1.7,19.8,46.0,404.0,157.0,38.9,14.96,5.81,0.1,0.26,16.5,10.0,5.0,5.0,45.1,41.4,0.1,0.9,-0.4,16270.0,18624.0,87.4,256375.0,84041.0,8494.0,9176.0,92.6,6275.0,6925.0,90.6,992.0,1608.0,61.7,35.0,33.1,33.0,1.9,318.0,1136.0,292.0,59.0,1370.0,18624.0,17392.0,1170.0,361.0,47.0,56.0,469.0,412.0,150.0,63.0,51.0,2.0,16270.0,62.0,214.0,741.0,27.44,547.0,64.0,41.0,52.0,30.0,7.0,85.0,3.15,57.0,5.0,9.0,7.0,6.0,1.0,439.0,260.0,187.0,182.0,70.0,199.0,456.0,43.6,257.0,305.0,99.0,206.0,210.0,649.0,415.0,17.0,62.3,21522.0,2225.0,6667.0,9962.0,5033.0,820.0,21517.0,514.0,211.0,41.1,239.0,46.5,14160.0,69053.0,36451.0,624.0,410.0,207.0,404.0,261.0,16097.0,1361.0,66.0,3.0,0.0,288.0,327.0,62.0,469.0,210.0,260.0,5.0,5.0,2.0,1302.0,309.0,251.0,55.2,27.0,26.7,27.0,2430.0,90.0,100.0,27.0,297.0,79.0,166.0,128.0,25.0,115.0,1.44,49.0,44.0,5.0,0.19,45.1,38.0,7.1,0.26
5,2023-2024,Premier-League,Burnley,30.0,25.2,46.1,27.0,297.0,2430.0,27.0,25.0,20.0,45.0,24.0,1.0,1.0,54.0,5.0,25.0,24.2,18.8,43.0,463.0,782.0,0.93,0.74,1.67,0.89,1.63,0.92,0.7,1.62,0.9,1.59,27.0,27.0,2430.0,60.0,2.22,162.0,104.0,66.0,3.0,4.0,20.0,2.0,7.4,5.0,5.0,0.0,0.0,0.0,60.0,5.0,0.0,10.0,2.0,53.2,0.3,-4.8,-0.18,132.0,562.0,23.5,1271.0,158.0,33.0,30.9,188.0,76.1,52.8,399.0,30.0,7.5,41.0,1.52,14.8,25.0,280.0,86.0,30.7,10.37,3.19,0.09,0.28,17.4,7.0,1.0,1.0,25.0,24.2,0.09,0.0,-0.2,9734.0,12585.0,77.3,170878.0,57113.0,4393.0,5057.0,86.9,4241.0,4956.0,85.6,887.0,1914.0,46.3,20.0,18.8,16.3,1.2,211.0,627.0,129.0,30.0,782.0,12585.0,11313.0,1213.0,306.0,31.0,50.0,379.0,498.0,134.0,52.0,41.0,6.0,9734.0,59.0,253.0,496.0,18.37,349.0,57.0,35.0,31.0,20.0,4.0,49.0,1.81,38.0,3.0,6.0,1.0,1.0,0.0,439.0,249.0,202.0,171.0,66.0,201.0,413.0,48.7,212.0,341.0,117.0,224.0,188.0,627.0,599.0,13.0,46.1,15527.0,2065.0,5820.0,6430.0,3408.0,512.0,15526.0,493.0,225.0,45.6,216.0,43.8,8725.0,46756.0,24196.0,463.0,298.0,148.0,349.0,211.0,9625.0,769.0,54.0,5.0,2.0,296.0,248.0,59.0,379.0,188.0,249.0,1.0,5.0,2.0,1203.0,408.0,528.0,43.6,30.0,25.2,27.0,2430.0,90.0,100.0,27.0,297.0,82.0,175.0,122.0,19.0,121.0,0.48,25.0,60.0,-35.0,-1.3,25.0,47.3,-22.3,-0.83
6,2023-2024,Premier-League,Chelsea,30.0,25.1,58.8,26.0,286.0,2340.0,26.0,43.0,30.0,73.0,36.0,7.0,8.0,83.0,3.0,48.5,42.2,32.7,74.9,576.0,1118.0,1.65,1.15,2.81,1.38,2.54,1.87,1.26,3.12,1.62,2.88,26.0,26.0,2340.0,43.0,1.65,135.0,92.0,70.4,10.0,6.0,10.0,5.0,19.2,5.0,3.0,1.0,1.0,25.0,43.0,3.0,0.0,6.0,1.0,38.6,0.27,-3.4,-0.13,97.0,257.0,37.7,786.0,135.0,23.7,28.1,180.0,39.4,32.9,350.0,26.0,7.4,41.0,1.58,15.8,43.0,337.0,114.0,33.8,12.96,4.38,0.11,0.32,16.9,13.0,7.0,8.0,48.5,42.2,0.13,-5.5,-6.2,13710.0,16041.0,85.5,225770.0,75197.0,6802.0,7404.0,91.9,5578.0,6196.0,90.0,975.0,1621.0,60.1,30.0,32.7,30.0,-2.7,252.0,953.0,257.0,37.0,1118.0,16041.0,14795.0,1177.0,343.0,82.0,70.0,399.0,453.0,132.0,39.0,44.0,3.0,13710.0,69.0,263.0,610.0,23.46,456.0,38.0,44.0,26.0,29.0,17.0,79.0,3.04,57.0,4.0,6.0,3.0,7.0,2.0,468.0,265.0,228.0,167.0,73.0,222.0,425.0,52.2,203.0,312.0,112.0,200.0,201.0,669.0,525.0,15.0,58.8,19014.0,2025.0,6234.0,8322.0,4641.0,707.0,19006.0,592.0,256.0,43.2,262.0,44.3,11603.0,57988.0,30214.0,576.0,383.0,174.0,431.0,265.0,13617.0,1106.0,83.0,3.0,2.0,324.0,307.0,69.0,399.0,201.0,265.0,7.0,5.0,1.0,1290.0,308.0,257.0,54.5,30.0,25.1,26.0,2340.0,90.0,100.0,26.0,286.0,83.0,183.0,100.0,19.0,133.0,1.38,44.0,43.0,1.0,0.04,48.5,39.5,9.0,0.35
7,2023-2024,Premier-League,Crystal Palace,26.0,27.6,41.6,27.0,297.0,2430.0,27.0,32.0,23.0,55.0,28.0,4.0,4.0,52.0,1.0,30.4,27.2,23.4,50.6,351.0,797.0,1.19,0.85,2.04,1.04,1.89,1.12,0.87,1.99,1.01,1.88,27.0,27.0,2430.0,47.0,1.74,111.0,65.0,60.4,7.0,7.0,13.0,6.0,22.2,3.0,3.0,0.0,0.0,0.0,47.0,3.0,0.0,7.0,1.0,37.1,0.31,-8.9,-0.33,144.0,452.0,31.9,611.0,83.0,50.4,40.7,181.0,79.6,54.8,423.0,26.0,6.1,20.0,0.74,10.8,32.0,305.0,105.0,34.4,11.3,3.89,0.09,0.27,17.2,16.0,4.0,4.0,30.4,27.2,0.09,1.6,0.8,8886.0,11587.0,76.7,159074.0,59888.0,4014.0,4647.0,86.4,3799.0,4456.0,85.3,887.0,1871.0,47.4,23.0,23.4,20.1,-0.4,238.0,711.0,180.0,42.0,797.0,11587.0,10290.0,1252.0,354.0,40.0,73.0,442.0,515.0,128.0,62.0,42.0,6.0,8886.0,45.0,273.0,536.0,19.85,352.0,60.0,31.0,42.0,37.0,14.0,58.0,2.15,48.0,2.0,2.0,0.0,6.0,0.0,528.0,301.0,265.0,187.0,76.0,223.0,418.0,53.3,195.0,313.0,95.0,218.0,220.0,748.0,658.0,5.0,41.6,14805.0,1710.0,5190.0,6240.0,3524.0,544.0,14801.0,519.0,242.0,46.6,220.0,42.4,7700.0,38949.0,19256.0,351.0,264.0,112.0,429.0,308.0,8803.0,783.0,52.0,1.0,1.0,320.0,316.0,45.0,442.0,220.0,301.0,4.0,3.0,1.0,1327.0,399.0,412.0,49.2,26.0,27.6,27.0,2430.0,90.0,100.0,27.0,297.0,85.0,217.0,80.0,17.0,161.0,1.04,32.0,47.0,-15.0,-0.56,30.4,39.1,-8.7,-0.32
8,2023-2024,Premier-League,Everton,25.0,27.5,39.8,27.0,297.0,2430.0,27.0,29.0,14.0,43.0,29.0,0.0,1.0,57.0,1.0,40.7,40.0,29.7,69.6,358.0,799.0,1.07,0.52,1.59,1.07,1.59,1.51,1.1,2.61,1.48,2.58,27.0,27.0,2430.0,37.0,1.37,112.0,77.0,71.4,8.0,7.0,12.0,8.0,29.6,5.0,5.0,0.0,0.0,0.0,37.0,5.0,0.0,9.0,2.0,34.7,0.27,-0.3,-0.01,261.0,614.0,42.5,903.0,101.0,55.8,40.9,197.0,55.8,45.4,386.0,18.0,4.7,39.0,1.44,17.0,29.0,373.0,115.0,30.8,13.81,4.26,0.08,0.25,16.5,9.0,0.0,1.0,40.7,40.0,0.12,-11.7,-11.0,7930.0,10884.0,72.9,146848.0,62774.0,3559.0,4190.0,84.9,3115.0,3863.0,80.6,1046.0,2163.0,48.4,14.0,29.7,21.6,-15.7,252.0,657.0,205.0,64.0,799.0,10884.0,9622.0,1207.0,282.0,33.0,54.0,552.0,540.0,124.0,107.0,14.0,1.0,7930.0,55.0,235.0,626.0,23.19,432.0,59.0,22.0,61.0,28.0,24.0,41.0,1.52,21.0,4.0,0.0,11.0,2.0,3.0,530.0,315.0,265.0,190.0,75.0,247.0,512.0,48.2,265.0,340.0,118.0,222.0,272.0,802.0,605.0,7.0,39.8,14103.0,1757.0,4760.0,5778.0,3708.0,573.0,14102.0,393.0,179.0,45.5,188.0,47.8,6926.0,37209.0,18542.0,358.0,283.0,89.0,402.0,239.0,7857.0,791.0,57.0,1.0,1.0,329.0,241.0,55.0,552.0,272.0,315.0,0.0,5.0,2.0,1439.0,480.0,412.0,53.8,25.0,27.5,27.0,2430.0,90.0,100.0,27.0,297.0,85.0,214.0,82.0,18.0,158.0,1.15,29.0,37.0,-8.0,-0.3,40.7,37.1,3.7,0.14
9,2023-2024,Premier-League,Fulham,25.0,29.3,49.9,27.0,297.0,2430.0,27.0,38.0,27.0,65.0,36.0,2.0,2.0,65.0,3.0,33.9,32.4,24.9,57.3,448.0,1018.0,1.41,1.0,2.41,1.33,2.33,1.26,0.92,2.18,1.2,2.12,27.0,27.0,2430.0,42.0,1.56,137.0,98.0,73.7,10.0,5.0,12.0,7.0,25.9,6.0,6.0,0.0,0.0,0.0,42.0,6.0,0.0,2.0,3.0,40.7,0.26,1.7,0.06,106.0,325.0,32.6,902.0,110.0,26.4,28.9,198.0,43.9,35.4,332.0,12.0,3.6,30.0,1.11,14.5,38.0,333.0,117.0,35.1,12.33,4.33,0.11,0.31,17.6,11.0,2.0,2.0,33.9,32.4,0.1,4.1,3.6,11596.0,14375.0,80.7,206009.0,69760.0,5087.0,5717.0,89.0,5091.0,5855.0,87.0,1142.0,2035.0,56.1,27.0,24.9,21.8,2.1,254.0,791.0,236.0,64.0,1018.0,14375.0,13064.0,1265.0,337.0,47.0,87.0,494.0,514.0,147.0,46.0,63.0,1.0,11596.0,46.0,291.0,582.0,21.56,431.0,53.0,28.0,41.0,16.0,13.0,65.0,2.41,51.0,3.0,2.0,6.0,2.0,1.0,470.0,269.0,235.0,172.0,63.0,242.0,472.0,51.3,230.0,318.0,93.0,225.0,301.0,771.0,545.0,12.0,49.9,17317.0,1867.0,5987.0,7568.0,3940.0,552.0,17315.0,407.0,194.0,47.7,180.0,44.2,10004.0,53150.0,26651.0,448.0,351.0,94.0,368.0,237.0,11500.0,1008.0,65.0,3.0,2.0,269.0,267.0,46.0,494.0,301.0,269.0,2.0,6.0,3.0,1329.0,351.0,352.0,49.9,25.0,29.3,27.0,2430.0,90.0,100.0,27.0,297.0,82.0,176.0,118.0,18.0,124.0,1.3,39.0,42.0,-3.0,-0.11,33.9,46.5,-12.6,-0.47
10,2023-2024,Premier-League,Liverpool,29.0,27.1,60.4,27.0,297.0,2430.0,27.0,60.0,48.0,108.0,56.0,4.0,7.0,53.0,5.0,59.9,54.1,44.1,98.3,638.0,1410.0,2.22,1.78,4.0,2.07,3.85,2.22,1.63,3.85,2.0,3.64,27.0,27.0,2430.0,25.0,0.93,94.0,70.0,74.5,19.0,6.0,2.0,9.0,33.3,1.0,1.0,0.0,0.0,0.0,25.0,1.0,0.0,4.0,1.0,25.6,0.26,1.6,0.06,72.0,228.0,31.6,978.0,127.0,18.0,25.2,176.0,29.5,30.1,279.0,15.0,5.4,35.0,1.3,17.1,60.0,516.0,176.0,34.1,19.11,6.52,0.11,0.32,17.6,12.0,4.0,7.0,59.9,54.1,0.11,0.1,1.9,14006.0,16865.0,83.0,239645.0,82599.0,6551.0,7266.0,90.2,5974.0,6785.0,88.0,1161.0,2018.0,57.5,48.0,44.1,37.3,3.9,403.0,1109.0,322.0,48.0,1410.0,16865.0,15501.0,1303.0,325.0,75.0,103.0,532.0,560.0,190.0,61.0,113.0,1.0,14006.0,61.0,252.0,912.0,33.78,676.0,82.0,46.0,67.0,31.0,10.0,98.0,3.63,75.0,6.0,7.0,7.0,3.0,0.0,466.0,292.0,194.0,191.0,81.0,238.0,549.0,43.4,311.0,347.0,82.0,265.0,206.0,672.0,449.0,12.0,60.4,19995.0,1611.0,5378.0,9545.0,5253.0,911.0,19988.0,542.0,236.0,43.5,243.0,44.8,12333.0,63798.0,33455.0,638.0,500.0,198.0,425.0,281.0,13898.0,1396.0,53.0,5.0,2.0,334.0,284.0,61.0,532.0,206.0,292.0,6.0,1.0,1.0,1451.0,435.0,322.0,57.5,29.0,27.1,27.0,2430.0,90.0,100.0,27.0,297.0,81.0,174.0,119.0,20.0,124.0,2.33,64.0,25.0,39.0,1.44,59.9,32.9,26.9,1.0
11,2023-2024,Premier-League,Luton Town,24.0,27.4,41.4,26.0,286.0,2340.0,26.0,34.0,22.0,56.0,30.0,4.0,4.0,49.0,0.0,31.9,28.9,22.0,50.9,476.0,763.0,1.31,0.85,2.15,1.15,2.0,1.23,0.85,2.07,1.11,1.96,26.0,26.0,2340.0,54.0,2.08,154.0,101.0,66.2,5.0,5.0,16.0,2.0,7.7,2.0,2.0,0.0,0.0,0.0,54.0,2.0,0.0,7.0,1.0,54.7,0.36,1.7,0.06,174.0,551.0,31.6,743.0,106.0,52.8,39.8,237.0,67.1,47.7,394.0,15.0,3.8,50.0,1.92,18.6,34.0,315.0,89.0,28.3,12.12,3.42,0.1,0.34,16.3,8.0,4.0,4.0,31.9,28.9,0.1,2.1,1.1,7315.0,10150.0,72.1,133229.0,54116.0,3306.0,3870.0,85.4,2915.0,3604.0,80.9,857.0,1975.0,43.4,22.0,22.0,20.7,0.0,239.0,586.0,166.0,53.0,763.0,10150.0,8836.0,1261.0,326.0,19.0,81.0,586.0,470.0,148.0,74.0,66.0,5.0,7315.0,53.0,277.0,556.0,21.38,371.0,59.0,43.0,44.0,29.0,10.0,55.0,2.12,27.0,6.0,4.0,14.0,4.0,0.0,456.0,257.0,244.0,156.0,56.0,210.0,425.0,49.4,215.0,331.0,113.0,218.0,241.0,697.0,639.0,12.0,41.4,13364.0,1741.0,4701.0,5307.0,3536.0,573.0,13360.0,539.0,254.0,47.1,230.0,42.7,6692.0,40997.0,20548.0,476.0,320.0,135.0,391.0,247.0,7221.0,749.0,49.0,0.0,0.0,305.0,287.0,53.0,586.0,241.0,257.0,1.0,2.0,1.0,1376.0,445.0,443.0,50.1,24.0,27.4,26.0,2340.0,90.0,100.0,26.0,286.0,82.0,175.0,111.0,21.0,123.0,0.77,37.0,54.0,-17.0,-0.65,31.9,52.8,-20.8,-0.8
12,2023-2024,Premier-League,Manchester City,25.0,27.2,65.7,27.0,297.0,2430.0,27.0,61.0,46.0,107.0,57.0,4.0,5.0,44.0,2.0,55.0,51.3,42.0,93.3,830.0,1466.0,2.26,1.7,3.96,2.11,3.81,2.04,1.56,3.59,1.9,3.46,27.0,27.0,2430.0,27.0,1.0,78.0,52.0,67.9,19.0,5.0,3.0,8.0,29.6,2.0,2.0,0.0,0.0,0.0,27.0,2.0,0.0,2.0,1.0,25.5,0.31,-0.5,-0.02,109.0,237.0,46.0,978.0,117.0,20.2,29.9,111.0,35.1,34.2,215.0,21.0,9.8,42.0,1.56,18.8,61.0,489.0,181.0,37.0,18.11,6.7,0.12,0.31,17.2,19.0,4.0,5.0,55.0,51.3,0.11,6.0,5.7,17339.0,19609.0,88.4,281747.0,79751.0,8825.0,9391.0,94.0,6818.0,7451.0,91.5,1236.0,1861.0,66.4,46.0,42.0,43.9,4.0,389.0,1366.0,343.0,53.0,1466.0,19609.0,18440.0,1141.0,321.0,70.0,93.0,531.0,440.0,215.0,78.0,53.0,6.0,17339.0,28.0,274.0,902.0,33.41,710.0,51.0,43.0,49.0,39.0,10.0,108.0,4.0,79.0,3.0,9.0,10.0,6.0,1.0,344.0,200.0,130.0,151.0,63.0,164.0,317.0,51.7,153.0,238.0,57.0,181.0,164.0,508.0,351.0,11.0,65.7,22232.0,1515.0,4961.0,10088.0,7327.0,1017.0,22227.0,523.0,275.0,52.6,193.0,36.9,14484.0,75972.0,42162.0,830.0,627.0,290.0,320.0,235.0,17137.0,1448.0,44.0,2.0,1.0,221.0,287.0,28.0,531.0,164.0,200.0,3.0,2.0,1.0,1243.0,245.0,219.0,52.8,25.0,27.2,27.0,2430.0,90.0,100.0,27.0,297.0,85.0,221.0,74.0,18.0,163.0,2.3,62.0,27.0,35.0,1.3,55.0,24.9,30.1,1.12
13,2023-2024,Premier-League,Manchester Utd,30.0,27.0,50.4,27.0,297.0,2430.0,27.0,37.0,26.0,63.0,35.0,2.0,3.0,66.0,1.0,40.6,38.2,29.9,68.0,542.0,1090.0,1.37,0.96,2.33,1.3,2.26,1.5,1.11,2.61,1.41,2.52,27.0,27.0,2430.0,39.0,1.44,135.0,97.0,73.3,14.0,2.0,11.0,7.0,25.9,3.0,3.0,0.0,0.0,0.0,39.0,3.0,1.0,7.0,1.0,41.0,0.29,3.0,0.11,105.0,343.0,30.6,837.0,97.0,32.6,30.5,219.0,32.0,28.3,428.0,27.0,6.3,30.0,1.11,14.1,37.0,384.0,122.0,31.8,14.22,4.52,0.09,0.29,17.1,13.0,2.0,3.0,40.6,38.2,0.1,-3.6,-3.2,11132.0,13840.0,80.4,186654.0,64078.0,5404.0,6110.0,88.4,4317.0,5046.0,85.6,1007.0,1821.0,55.3,26.0,29.9,25.4,-3.9,302.0,883.0,240.0,36.0,1090.0,13840.0,12573.0,1197.0,261.0,50.0,83.0,468.0,481.0,170.0,48.0,68.0,9.0,11132.0,70.0,272.0,692.0,25.63,515.0,55.0,42.0,38.0,26.0,16.0,65.0,2.41,44.0,4.0,6.0,5.0,2.0,4.0,473.0,285.0,225.0,171.0,77.0,247.0,525.0,47.0,278.0,367.0,135.0,232.0,213.0,686.0,634.0,8.0,50.4,16942.0,2008.0,5676.0,6900.0,4512.0,720.0,16939.0,503.0,224.0,44.5,217.0,43.1,9895.0,53293.0,28404.0,542.0,368.0,195.0,337.0,237.0,10996.0,1080.0,66.0,1.0,1.0,283.0,243.0,70.0,468.0,213.0,285.0,3.0,3.0,1.0,1352.0,310.0,317.0,49.4,30.0,27.0,27.0,2430.0,90.0,100.0,27.0,297.0,83.0,186.0,110.0,18.0,133.0,1.63,37.0,39.0,-2.0,-0.07,40.6,45.8,-5.3,-0.2
14,2023-2024,Premier-League,Newcastle Utd,32.0,28.0,52.8,27.0,297.0,2430.0,27.0,56.0,36.0,92.0,51.0,5.0,5.0,58.0,0.0,50.4,46.5,32.9,79.4,486.0,1078.0,2.07,1.33,3.41,1.89,3.22,1.87,1.22,3.09,1.72,2.94,27.0,27.0,2430.0,45.0,1.67,142.0,97.0,70.4,12.0,4.0,11.0,8.0,29.6,4.0,3.0,1.0,0.0,25.0,45.0,3.0,1.0,4.0,1.0,47.3,0.31,3.3,0.12,73.0,215.0,34.0,573.0,172.0,20.1,36.3,194.0,51.5,39.6,317.0,19.0,6.0,41.0,1.52,19.5,56.0,362.0,132.0,36.5,13.41,4.89,0.14,0.39,15.7,6.0,5.0,5.0,50.4,46.5,0.13,5.6,4.5,11744.0,14353.0,81.8,201079.0,69048.0,5534.0,6179.0,89.6,4923.0,5635.0,87.4,1026.0,1839.0,55.8,36.0,32.9,29.7,3.1,275.0,782.0,267.0,55.0,1078.0,14353.0,13078.0,1235.0,378.0,56.0,93.0,426.0,466.0,125.0,41.0,39.0,9.0,11744.0,40.0,253.0,643.0,23.81,468.0,35.0,51.0,46.0,32.0,11.0,94.0,3.48,56.0,5.0,12.0,9.0,9.0,3.0,463.0,274.0,223.0,183.0,57.0,205.0,486.0,42.2,281.0,347.0,110.0,237.0,188.0,651.0,487.0,13.0,52.8,17275.0,1787.0,5856.0,7466.0,4117.0,723.0,17270.0,493.0,238.0,48.3,189.0,38.3,9873.0,52271.0,25713.0,486.0,360.0,153.0,372.0,278.0,11655.0,1070.0,58.0,0.0,0.0,275.0,346.0,40.0,426.0,188.0,274.0,5.0,4.0,1.0,1320.0,318.0,284.0,52.8,32.0,28.0,27.0,2430.0,90.0,100.0,27.0,297.0,83.0,198.0,101.0,19.0,142.0,1.48,57.0,45.0,12.0,0.44,50.4,47.6,2.8,0.1
15,2023-2024,Premier-League,Nott'ham Forest,33.0,26.3,40.3,27.0,297.0,2430.0,27.0,34.0,29.0,63.0,33.0,1.0,1.0,63.0,3.0,33.8,33.0,26.9,59.9,401.0,789.0,1.26,1.07,2.33,1.22,2.3,1.25,0.99,2.25,1.22,2.22,27.0,27.0,2430.0,49.0,1.81,118.0,69.0,61.0,6.0,6.0,15.0,4.0,14.8,3.0,3.0,0.0,0.0,0.0,49.0,3.0,1.0,10.0,0.0,35.1,0.28,-13.9,-0.52,169.0,399.0,42.4,651.0,135.0,41.0,29.6,211.0,62.6,44.2,458.0,34.0,7.4,22.0,0.81,10.3,34.0,297.0,93.0,31.3,11.0,3.44,0.11,0.35,16.7,1.0,1.0,1.0,33.8,33.0,0.11,0.2,0.0,8242.0,10986.0,75.0,146070.0,57690.0,3806.0,4455.0,85.4,3307.0,4115.0,80.4,894.0,1765.0,50.7,29.0,26.9,19.0,2.1,213.0,617.0,170.0,42.0,789.0,10986.0,9793.0,1137.0,295.0,38.0,54.0,410.0,455.0,100.0,43.0,44.0,0.0,8242.0,56.0,230.0,513.0,19.0,370.0,44.0,35.0,36.0,17.0,11.0,63.0,2.33,49.0,2.0,7.0,1.0,2.0,2.0,540.0,309.0,329.0,161.0,50.0,238.0,439.0,54.2,201.0,355.0,130.0,225.0,229.0,769.0,736.0,10.0,40.3,14237.0,1856.0,5365.0,5804.0,3220.0,536.0,14236.0,440.0,198.0,45.0,197.0,44.8,7121.0,37787.0,20291.0,401.0,270.0,104.0,376.0,203.0,8179.0,776.0,63.0,3.0,2.0,306.0,261.0,56.0,410.0,229.0,309.0,1.0,3.0,0.0,1287.0,432.0,409.0,51.4,33.0,26.3,27.0,2430.0,90.0,100.0,27.0,297.0,82.0,182.0,112.0,19.0,130.0,0.89,34.0,49.0,-15.0,-0.56,33.8,40.9,-7.1,-0.26
16,2023-2024,Premier-League,Sheffield Utd,33.0,26.5,35.9,27.0,297.0,2430.0,27.0,19.0,10.0,29.0,15.0,4.0,4.0,78.0,4.0,24.0,20.9,14.3,35.2,229.0,592.0,0.7,0.37,1.07,0.56,0.93,0.89,0.53,1.42,0.77,1.3,27.0,27.0,2430.0,72.0,2.67,178.0,111.0,61.2,3.0,4.0,20.0,1.0,3.7,4.0,3.0,0.0,1.0,0.0,72.0,3.0,0.0,8.0,5.0,61.8,0.34,-5.2,-0.19,190.0,566.0,33.6,710.0,93.0,54.5,36.3,241.0,74.3,52.9,454.0,22.0,4.8,36.0,1.33,10.9,19.0,237.0,69.0,29.1,8.78,2.56,0.06,0.22,18.0,5.0,4.0,4.0,24.0,20.9,0.09,-5.0,-5.9,6741.0,9590.0,70.3,119685.0,49785.0,3202.0,3814.0,84.0,2604.0,3293.0,79.1,739.0,1867.0,39.6,10.0,14.3,12.2,-4.3,161.0,486.0,137.0,29.0,592.0,9590.0,8343.0,1199.0,275.0,18.0,38.0,294.0,495.0,89.0,35.0,40.0,6.0,6741.0,48.0,242.0,385.0,14.26,271.0,37.0,24.0,32.0,15.0,6.0,28.0,1.04,17.0,1.0,3.0,4.0,2.0,1.0,530.0,303.0,283.0,179.0,68.0,217.0,472.0,46.0,255.0,368.0,128.0,240.0,249.0,779.0,762.0,16.0,35.9,12776.0,1980.0,5139.0,5047.0,2711.0,457.0,12772.0,409.0,163.0,39.9,210.0,51.3,5891.0,29949.0,13651.0,229.0,195.0,84.0,346.0,226.0,6687.0,587.0,78.0,4.0,2.0,310.0,225.0,48.0,294.0,249.0,303.0,2.0,4.0,5.0,1188.0,420.0,507.0,45.3,33.0,26.5,27.0,2430.0,90.0,100.0,27.0,297.0,81.0,183.0,111.0,24.0,130.0,0.48,22.0,72.0,-50.0,-1.85,24.0,53.7,-29.8,-1.1
17,2023-2024,Premier-League,Tottenham,28.0,25.8,60.5,26.0,286.0,2340.0,26.0,52.0,43.0,95.0,51.0,1.0,1.0,62.0,4.0,45.4,44.6,38.4,83.0,656.0,1440.0,2.0,1.65,3.65,1.96,3.62,1.75,1.48,3.22,1.72,3.19,26.0,26.0,2340.0,39.0,1.5,113.0,76.0,70.8,15.0,5.0,6.0,5.0,19.2,6.0,6.0,0.0,0.0,0.0,39.0,6.0,1.0,4.0,2.0,42.9,0.33,5.9,0.23,41.0,186.0,22.0,909.0,147.0,17.4,25.2,186.0,15.1,21.4,373.0,24.0,6.4,55.0,2.12,17.2,52.0,408.0,149.0,36.5,15.69,5.73,0.13,0.34,16.5,7.0,1.0,1.0,45.4,44.6,0.11,6.6,6.4,13898.0,16331.0,85.1,220612.0,76071.0,7108.0,7772.0,91.5,5613.0,6270.0,89.5,775.0,1361.0,56.9,43.0,38.4,36.3,4.6,321.0,1096.0,308.0,37.0,1440.0,16331.0,14916.0,1355.0,457.0,70.0,43.0,480.0,488.0,160.0,71.0,46.0,1.0,13898.0,60.0,315.0,730.0,28.08,548.0,48.0,43.0,49.0,23.0,19.0,90.0,3.46,68.0,7.0,6.0,4.0,2.0,3.0,524.0,320.0,256.0,176.0,92.0,263.0,491.0,53.6,228.0,307.0,92.0,215.0,238.0,762.0,530.0,16.0,60.5,19439.0,1993.0,6021.0,8218.0,5383.0,913.0,19438.0,578.0,260.0,45.0,258.0,44.6,12244.0,63028.0,31826.0,656.0,440.0,241.0,395.0,265.0,13786.0,1433.0,62.0,4.0,2.0,279.0,364.0,60.0,480.0,238.0,320.0,1.0,6.0,2.0,1352.0,249.0,281.0,47.0,28.0,25.8,26.0,2340.0,90.0,100.0,26.0,286.0,82.0,169.0,113.0,18.0,119.0,1.92,55.0,39.0,16.0,0.62,45.4,43.0,2.4,0.09
18,2023-2024,Premier-League,West Ham,24.0,28.8,41.4,27.0,297.0,2430.0,27.0,42.0,31.0,73.0,39.0,3.0,4.0,65.0,3.0,36.9,33.8,24.2,58.0,392.0,871.0,1.56,1.15,2.7,1.44,2.59,1.37,0.9,2.26,1.25,2.15,27.0,27.0,2430.0,47.0,1.74,160.0,112.0,73.8,12.0,6.0,9.0,5.0,18.5,7.0,5.0,2.0,0.0,28.6,47.0,5.0,0.0,4.0,1.0,47.9,0.26,1.9,0.07,146.0,395.0,37.0,555.0,132.0,47.0,36.0,230.0,58.3,42.6,441.0,25.0,5.7,6.0,0.22,8.3,42.0,309.0,102.0,33.0,11.44,3.78,0.13,0.38,16.1,10.0,3.0,4.0,36.9,33.8,0.11,5.1,5.2,9055.0,11800.0,76.7,157345.0,60948.0,4350.0,4920.0,88.4,3507.0,4179.0,83.9,919.0,1927.0,47.7,31.0,24.2,22.1,6.8,217.0,703.0,155.0,45.0,871.0,11800.0,10545.0,1207.0,296.0,48.0,108.0,465.0,496.0,111.0,66.0,41.0,0.0,9055.0,48.0,300.0,544.0,20.15,365.0,65.0,37.0,32.0,30.0,15.0,75.0,2.78,51.0,7.0,5.0,7.0,3.0,2.0,486.0,307.0,249.0,181.0,56.0,223.0,413.0,54.0,190.0,351.0,129.0,222.0,268.0,754.0,678.0,6.0,41.4,15009.0,1857.0,5250.0,6601.0,3311.0,530.0,15005.0,491.0,238.0,48.5,204.0,41.5,8123.0,44123.0,21064.0,392.0,277.0,118.0,359.0,264.0,8975.0,859.0,65.0,3.0,3.0,284.0,272.0,48.0,465.0,268.0,307.0,4.0,7.0,1.0,1334.0,416.0,427.0,49.3,24.0,28.8,27.0,2430.0,90.0,100.0,27.0,297.0,86.0,219.0,75.0,16.0,168.0,1.56,43.0,47.0,-4.0,-0.15,36.9,49.6,-12.7,-0.47
19,2023-2024,Premier-League,Wolves,25.0,27.5,47.9,27.0,297.0,2430.0,27.0,38.0,31.0,69.0,35.0,3.0,3.0,68.0,3.0,36.7,34.4,25.8,60.2,511.0,874.0,1.41,1.15,2.56,1.3,2.44,1.36,0.96,2.32,1.27,2.23,27.0,27.0,2430.0,43.0,1.59,124.0,82.0,69.4,11.0,5.0,11.0,5.0,18.5,5.0,5.0,0.0,0.0,0.0,43.0,5.0,1.0,3.0,1.0,46.5,0.34,4.5,0.17,66.0,328.0,20.1,630.0,149.0,35.1,34.0,212.0,50.5,39.2,413.0,38.0,9.2,20.0,0.74,12.7,38.0,319.0,113.0,35.4,11.81,4.19,0.11,0.31,16.4,9.0,3.0,3.0,36.7,34.4,0.11,1.3,0.6,10668.0,13367.0,79.8,177033.0,59778.0,5333.0,5982.0,89.2,4112.0,4801.0,85.6,893.0,1835.0,48.7,31.0,25.8,21.5,5.2,240.0,674.0,185.0,48.0,874.0,13367.0,12123.0,1192.0,306.0,41.0,95.0,437.0,486.0,117.0,56.0,33.0,8.0,10668.0,52.0,239.0,560.0,20.74,391.0,50.0,44.0,35.0,31.0,9.0,67.0,2.48,43.0,6.0,7.0,5.0,4.0,2.0,512.0,305.0,296.0,164.0,52.0,221.0,422.0,52.4,201.0,359.0,119.0,240.0,223.0,735.0,605.0,12.0,47.9,16486.0,1934.0,5930.0,7143.0,3618.0,566.0,16483.0,619.0,312.0,50.4,242.0,39.1,9359.0,52213.0,26812.0,511.0,385.0,127.0,388.0,262.0,10570.0,858.0,68.0,3.0,2.0,335.0,283.0,52.0,437.0,223.0,305.0,3.0,5.0,1.0,1423.0,329.0,327.0,50.2,25.0,27.5,27.0,2430.0,90.0,100.0,27.0,297.0,83.0,192.0,102.0,19.0,141.0,1.41,40.0,43.0,-3.0,-0.11,36.7,45.3,-8.5,-0.32
0,2023-2024,Bundesliga,Augsburg,26.0,26.6,43.5,24.0,264.0,2160.0,24.0,38.0,25.0,63.0,33.0,5.0,7.0,55.0,3.0,34.5,29.0,19.0,48.0,330.0,735.0,1.58,1.04,2.62,1.37,2.42,1.44,0.79,2.23,1.21,2.0,24.0,24.0,2160.0,41.0,1.71,129.0,88.0,72.9,7.0,8.0,9.0,1.0,4.2,9.0,6.0,2.0,1.0,25.0,41.0,6.0,0.0,9.0,2.0,40.9,0.26,1.9,0.08,123.0,346.0,35.5,897.0,72.0,31.7,32.1,182.0,34.1,32.8,357.0,22.0,6.2,37.0,1.54,14.2,38.0,297.0,92.0,31.0,12.38,3.83,0.11,0.36,17.1,6.0,5.0,7.0,34.5,29.0,0.1,3.5,4.0,7368.0,10020.0,73.5,138872.0,55694.0,2911.0,3512.0,82.9,3409.0,4159.0,82.0,858.0,1721.0,49.9,25.0,19.0,25.7,6.0,208.0,610.0,180.0,63.0,735.0,10020.0,8829.0,1132.0,291.0,30.0,54.0,432.0,493.0,102.0,42.0,49.0,0.0,7368.0,59.0,222.0,505.0,21.04,350.0,52.0,30.0,36.0,29.0,8.0,62.0,2.58,47.0,4.0,2.0,5.0,4.0,0.0,356.0,218.0,154.0,152.0,50.0,161.0,338.0,47.6,177.0,311.0,92.0,219.0,206.0,562.0,541.0,7.0,43.5,12769.0,1542.0,4622.0,5393.0,2889.0,539.0,12762.0,377.0,173.0,45.9,175.0,46.4,6836.0,36535.0,18240.0,330.0,212.0,67.0,404.0,168.0,7259.0,723.0,55.0,3.0,1.0,313.0,249.0,59.0,432.0,206.0,218.0,5.0,9.0,2.0,1230.0,412.0,444.0,48.1,26.0,26.6,24.0,2160.0,90.0,100.0,24.0,264.0,81.0,150.0,112.0,20.0,104.0,1.21,39.0,41.0,-2.0,-0.08,34.5,38.9,-4.4,-0.18
1,2023-2024,Bundesliga,Bayern Munich,27.0,28.1,61.5,24.0,264.0,2160.0,24.0,64.0,51.0,115.0,61.0,3.0,3.0,43.0,2.0,61.4,59.2,48.2,107.4,690.0,1375.0,2.67,2.12,4.79,2.54,4.67,2.56,2.01,4.57,2.47,4.47,24.0,24.0,2160.0,28.0,1.17,78.0,49.0,67.9,17.0,3.0,4.0,9.0,37.5,4.0,3.0,1.0,0.0,25.0,28.0,3.0,1.0,3.0,0.0,25.5,0.28,-2.5,-0.11,70.0,174.0,40.2,764.0,118.0,20.2,26.3,153.0,13.1,22.5,224.0,9.0,4.0,29.0,1.21,23.0,64.0,470.0,173.0,36.8,19.58,7.21,0.13,0.35,16.0,10.0,3.0,3.0,61.4,59.2,0.13,2.6,1.8,14102.0,16245.0,86.8,236904.0,76623.0,6677.0,7295.0,91.5,6177.0,6757.0,91.4,995.0,1519.0,65.5,51.0,48.2,53.5,2.8,373.0,1095.0,327.0,56.0,1375.0,16245.0,15119.0,1085.0,254.0,67.0,79.0,464.0,447.0,181.0,66.0,80.0,2.0,14102.0,41.0,262.0,858.0,35.75,645.0,66.0,48.0,56.0,28.0,15.0,113.0,4.71,85.0,8.0,5.0,9.0,3.0,3.0,363.0,216.0,149.0,143.0,71.0,169.0,345.0,49.0,176.0,261.0,44.0,217.0,217.0,580.0,329.0,13.0,61.5,18935.0,1446.0,4940.0,8804.0,5374.0,877.0,18932.0,670.0,349.0,52.1,277.0,41.3,11839.0,67432.0,36289.0,690.0,518.0,200.0,334.0,252.0,14015.0,1363.0,43.0,2.0,1.0,233.0,225.0,41.0,464.0,217.0,216.0,0.0,4.0,0.0,1299.0,298.0,238.0,55.6,27.0,28.1,24.0,2160.0,90.0,100.0,24.0,264.0,83.0,167.0,97.0,19.0,98.0,2.25,65.0,28.0,37.0,1.54,61.4,21.3,40.1,1.67
2,2023-2024,Bundesliga,Bochum,25.0,29.8,44.8,24.0,264.0,2160.0,24.0,28.0,19.0,47.0,24.0,4.0,4.0,74.0,1.0,30.8,27.6,19.8,47.4,282.0,778.0,1.17,0.79,1.96,1.0,1.79,1.28,0.83,2.11,1.15,1.98,24.0,24.0,2160.0,50.0,2.08,131.0,82.0,67.2,5.0,10.0,9.0,4.0,16.7,9.0,7.0,2.0,0.0,22.2,50.0,7.0,0.0,5.0,3.0,44.1,0.27,-2.9,-0.12,304.0,772.0,39.4,1044.0,61.0,64.8,42.8,185.0,51.4,40.6,368.0,28.0,7.6,74.0,3.08,20.2,28.0,337.0,98.0,29.1,14.04,4.08,0.07,0.24,19.2,10.0,4.0,4.0,30.8,27.6,0.08,-2.8,-3.6,6741.0,9853.0,68.4,127700.0,58497.0,2881.0,3601.0,80.0,2709.0,3550.0,76.3,944.0,2056.0,45.9,19.0,19.8,22.3,-0.8,238.0,591.0,180.0,55.0,778.0,9853.0,8571.0,1219.0,309.0,28.0,38.0,404.0,565.0,88.0,31.0,46.0,0.0,6741.0,63.0,198.0,572.0,23.83,389.0,75.0,22.0,42.0,34.0,10.0,48.0,2.0,31.0,5.0,2.0,5.0,5.0,0.0,444.0,269.0,203.0,184.0,57.0,210.0,433.0,48.5,223.0,334.0,101.0,233.0,225.0,669.0,545.0,6.0,44.8,12809.0,1581.0,4242.0,5691.0,2995.0,499.0,12805.0,290.0,120.0,41.4,140.0,48.3,5900.0,30178.0,14590.0,282.0,197.0,66.0,373.0,204.0,6656.0,773.0,74.0,1.0,0.0,325.0,277.0,63.0,404.0,225.0,269.0,4.0,9.0,3.0,1356.0,521.0,566.0,47.9,25.0,29.8,24.0,2160.0,90.0,100.0,24.0,264.0,82.0,163.0,101.0,22.0,115.0,1.04,29.0,50.0,-21.0,-0.87,30.8,47.0,-16.2,-0.68
3,2023-2024,Bundesliga,Darmstadt 98,31.0,27.8,48.1,24.0,264.0,2160.0,24.0,22.0,17.0,39.0,19.0,3.0,3.0,62.0,4.0,24.4,22.0,17.1,39.2,314.0,822.0,0.92,0.71,1.62,0.79,1.5,1.02,0.71,1.73,0.92,1.63,24.0,24.0,2160.0,58.0,2.42,150.0,92.0,62.0,2.0,7.0,15.0,2.0,8.3,2.0,1.0,1.0,0.0,50.0,58.0,1.0,1.0,7.0,1.0,51.4,0.33,-5.6,-0.24,179.0,452.0,39.6,969.0,131.0,35.4,34.0,203.0,53.7,44.2,332.0,15.0,4.5,40.0,1.67,17.0,22.0,300.0,84.0,28.0,12.5,3.5,0.06,0.23,18.8,10.0,3.0,3.0,24.4,22.0,0.07,-2.4,-3.0,8757.0,11332.0,77.3,167196.0,63227.0,3495.0,4025.0,86.8,3982.0,4624.0,86.1,1115.0,2090.0,53.3,17.0,17.1,21.0,-0.1,225.0,674.0,170.0,55.0,822.0,11332.0,10142.0,1149.0,311.0,17.0,77.0,394.0,465.0,88.0,33.0,48.0,1.0,8757.0,41.0,233.0,539.0,22.46,391.0,49.0,21.0,39.0,26.0,13.0,39.0,1.62,30.0,2.0,0.0,3.0,3.0,1.0,397.0,235.0,211.0,142.0,44.0,208.0,404.0,51.5,196.0,270.0,90.0,180.0,223.0,620.0,480.0,14.0,48.1,13894.0,1697.0,5081.0,6006.0,2908.0,418.0,13891.0,304.0,129.0,42.4,155.0,51.0,7439.0,38423.0,19659.0,314.0,223.0,72.0,317.0,160.0,8687.0,815.0,62.0,4.0,0.0,314.0,268.0,41.0,394.0,223.0,235.0,2.0,2.0,1.0,1132.0,375.0,389.0,49.1,31.0,27.8,24.0,2160.0,90.0,100.0,24.0,264.0,80.0,145.0,115.0,21.0,100.0,0.54,24.0,58.0,-34.0,-1.42,24.4,49.4,-25.0,-1.04
4,2023-2024,Bundesliga,Dortmund,31.0,27.7,58.0,24.0,264.0,2160.0,24.0,48.0,36.0,84.0,44.0,4.0,4.0,42.0,2.0,46.4,43.3,33.7,77.0,530.0,1036.0,2.0,1.5,3.5,1.83,3.33,1.93,1.4,3.34,1.8,3.21,24.0,24.0,2160.0,30.0,1.25,108.0,79.0,76.9,12.0,8.0,4.0,8.0,33.3,6.0,5.0,1.0,0.0,16.7,30.0,5.0,0.0,5.0,2.0,32.3,0.26,4.3,0.18,111.0,257.0,43.2,906.0,102.0,21.3,28.7,186.0,34.4,33.2,337.0,10.0,3.0,15.0,0.63,12.7,48.0,369.0,131.0,35.5,15.37,5.46,0.12,0.34,16.7,13.0,4.0,4.0,46.4,43.3,0.12,1.6,0.7,12009.0,14415.0,83.3,213556.0,72578.0,5239.0,5896.0,88.9,5242.0,5874.0,89.2,1212.0,1882.0,64.4,36.0,33.7,35.3,2.3,278.0,811.0,213.0,35.0,1036.0,14415.0,13225.0,1157.0,355.0,41.0,101.0,382.0,439.0,123.0,55.0,52.0,1.0,12009.0,33.0,255.0,660.0,27.5,473.0,52.0,41.0,50.0,33.0,11.0,83.0,3.46,58.0,5.0,5.0,5.0,6.0,4.0,395.0,257.0,205.0,152.0,38.0,202.0,371.0,54.4,169.0,307.0,81.0,226.0,187.0,582.0,476.0,11.0,58.0,17270.0,1774.0,5709.0,7863.0,3860.0,636.0,17266.0,495.0,219.0,44.2,221.0,44.6,10156.0,56066.0,29109.0,530.0,403.0,155.0,386.0,229.0,11876.0,1027.0,42.0,2.0,1.0,235.0,293.0,33.0,382.0,187.0,257.0,3.0,6.0,2.0,1296.0,303.0,314.0,49.1,31.0,27.7,24.0,2160.0,90.0,100.0,24.0,264.0,81.0,158.0,104.0,22.0,112.0,1.83,48.0,30.0,18.0,0.75,46.4,36.4,10.0,0.42
5,2023-2024,Bundesliga,Eint Frankfurt,32.0,25.9,51.5,24.0,264.0,2160.0,24.0,35.0,26.0,61.0,34.0,1.0,2.0,49.0,4.0,31.2,30.2,23.7,53.9,390.0,827.0,1.46,1.08,2.54,1.42,2.5,1.3,0.99,2.29,1.26,2.24,24.0,24.0,2160.0,31.0,1.29,101.0,68.0,73.3,9.0,10.0,5.0,6.0,25.0,6.0,4.0,2.0,0.0,33.3,31.0,4.0,0.0,3.0,0.0,31.1,0.26,0.1,0.0,83.0,297.0,27.9,738.0,115.0,29.7,29.6,217.0,35.9,32.4,385.0,15.0,3.9,24.0,1.0,14.5,35.0,249.0,93.0,37.3,10.37,3.87,0.14,0.37,16.1,6.0,1.0,2.0,31.2,30.2,0.13,3.8,3.8,10498.0,13205.0,79.5,183277.0,65359.0,4549.0,5200.0,87.5,4857.0,5624.0,86.4,859.0,1705.0,50.4,26.0,23.7,22.7,2.3,180.0,658.0,172.0,35.0,827.0,13205.0,11994.0,1176.0,295.0,34.0,36.0,337.0,511.0,99.0,38.0,53.0,0.0,10498.0,35.0,264.0,427.0,17.79,306.0,44.0,27.0,32.0,15.0,3.0,60.0,2.5,46.0,2.0,2.0,8.0,1.0,1.0,430.0,258.0,205.0,170.0,55.0,208.0,376.0,55.3,168.0,323.0,73.0,250.0,211.0,641.0,546.0,5.0,51.5,16090.0,1911.0,6036.0,7331.0,2882.0,521.0,16088.0,453.0,199.0,43.9,232.0,51.2,9121.0,44758.0,22070.0,390.0,271.0,122.0,391.0,204.0,10404.0,818.0,49.0,4.0,4.0,263.0,222.0,35.0,337.0,211.0,258.0,1.0,6.0,0.0,1324.0,341.0,403.0,45.8,32.0,25.9,24.0,2160.0,90.0,100.0,24.0,264.0,81.0,145.0,116.0,19.0,100.0,1.54,38.0,31.0,7.0,0.29,31.2,36.4,-5.2,-0.22
6,2023-2024,Bundesliga,Freiburg,25.0,27.5,46.5,24.0,264.0,2160.0,24.0,31.0,23.0,54.0,24.0,7.0,7.0,39.0,3.0,36.2,30.7,23.2,53.9,329.0,858.0,1.29,0.96,2.25,1.0,1.96,1.51,0.97,2.47,1.28,2.25,24.0,24.0,2160.0,44.0,1.83,109.0,66.0,62.4,8.0,6.0,10.0,7.0,29.2,3.0,3.0,0.0,0.0,0.0,44.0,3.0,0.0,4.0,1.0,37.5,0.33,-5.5,-0.23,132.0,401.0,32.9,792.0,114.0,35.7,33.5,202.0,58.4,47.3,308.0,15.0,4.9,24.0,1.0,14.7,31.0,280.0,97.0,34.6,11.67,4.04,0.09,0.25,16.0,5.0,7.0,7.0,36.2,30.7,0.12,-5.2,-6.7,8849.0,11504.0,76.9,161745.0,59531.0,3686.0,4322.0,85.3,4022.0,4722.0,85.2,940.0,1840.0,51.1,23.0,23.2,24.5,-0.2,208.0,656.0,175.0,61.0,858.0,11504.0,10378.0,1084.0,298.0,23.0,49.0,422.0,421.0,95.0,51.0,33.0,0.0,8849.0,42.0,234.0,513.0,21.38,381.0,42.0,18.0,39.0,26.0,7.0,56.0,2.33,33.0,5.0,1.0,7.0,8.0,2.0,366.0,202.0,208.0,108.0,50.0,153.0,319.0,48.0,166.0,314.0,99.0,215.0,198.0,564.0,481.0,3.0,46.5,14099.0,1623.0,4680.0,6534.0,2995.0,468.0,14092.0,367.0,153.0,41.7,166.0,45.2,7810.0,42733.0,21325.0,329.0,274.0,63.0,336.0,158.0,8746.0,847.0,39.0,3.0,1.0,257.0,274.0,42.0,422.0,198.0,202.0,6.0,3.0,1.0,1196.0,444.0,441.0,50.2,25.0,27.5,24.0,2160.0,90.0,100.0,24.0,264.0,83.0,161.0,100.0,18.0,96.0,1.25,32.0,44.0,-12.0,-0.5,36.2,36.6,-0.5,-0.02
7,2023-2024,Bundesliga,Heidenheim,21.0,27.4,42.3,24.0,264.0,2160.0,24.0,32.0,22.0,54.0,30.0,2.0,3.0,39.0,0.0,28.8,26.5,18.4,44.9,349.0,720.0,1.33,0.92,2.25,1.25,2.17,1.2,0.77,1.97,1.1,1.87,24.0,24.0,2160.0,42.0,1.75,128.0,88.0,72.7,7.0,7.0,10.0,5.0,20.8,10.0,7.0,1.0,2.0,12.5,42.0,7.0,0.0,5.0,3.0,38.5,0.25,-0.5,-0.02,192.0,452.0,42.5,821.0,104.0,38.4,37.0,214.0,64.0,47.8,366.0,19.0,5.2,15.0,0.63,13.6,32.0,275.0,76.0,27.6,11.46,3.17,0.11,0.39,17.2,9.0,2.0,3.0,28.8,26.5,0.1,3.2,3.5,7250.0,10153.0,71.4,145402.0,60985.0,2640.0,3366.0,78.4,3302.0,4089.0,80.8,1127.0,2031.0,55.5,22.0,18.4,19.9,3.6,190.0,506.0,134.0,42.0,720.0,10153.0,8873.0,1253.0,265.0,16.0,73.0,454.0,576.0,134.0,64.0,58.0,0.0,7250.0,27.0,303.0,451.0,18.79,293.0,68.0,19.0,38.0,24.0,9.0,53.0,2.21,32.0,8.0,2.0,5.0,5.0,1.0,420.0,244.0,209.0,166.0,45.0,198.0,429.0,46.2,231.0,323.0,92.0,231.0,219.0,639.0,549.0,4.0,42.3,13051.0,1649.0,4824.0,5465.0,2908.0,444.0,13048.0,378.0,160.0,42.3,190.0,50.3,6434.0,37188.0,18261.0,349.0,253.0,61.0,406.0,208.0,7177.0,715.0,39.0,0.0,0.0,314.0,221.0,27.0,454.0,219.0,244.0,1.0,10.0,3.0,1293.0,501.0,442.0,53.1,21.0,27.4,24.0,2160.0,90.0,100.0,24.0,264.0,82.0,153.0,112.0,18.0,104.0,1.17,34.0,42.0,-8.0,-0.33,28.8,46.9,-18.1,-0.75
8,2023-2024,Bundesliga,Hoffenheim,27.0,28.7,49.6,24.0,264.0,2160.0,24.0,42.0,25.0,67.0,36.0,6.0,6.0,70.0,3.0,39.5,34.9,27.2,62.1,367.0,983.0,1.75,1.04,2.79,1.5,2.54,1.65,1.13,2.78,1.45,2.59,24.0,24.0,2160.0,44.0,1.83,141.0,95.0,70.2,9.0,6.0,9.0,1.0,4.2,5.0,2.0,3.0,0.0,60.0,44.0,2.0,2.0,5.0,1.0,47.8,0.31,4.8,0.2,140.0,361.0,38.8,767.0,121.0,33.5,32.3,213.0,48.8,40.8,386.0,23.0,6.0,51.0,2.13,16.9,42.0,328.0,111.0,33.8,13.67,4.62,0.11,0.32,17.7,14.0,6.0,6.0,39.5,34.9,0.11,2.5,1.1,9391.0,11953.0,78.6,171317.0,68420.0,3956.0,4542.0,87.1,4144.0,4884.0,84.8,1052.0,1890.0,55.7,25.0,27.2,29.5,-2.2,244.0,770.0,215.0,60.0,983.0,11953.0,10792.0,1124.0,288.0,45.0,57.0,438.0,452.0,104.0,46.0,40.0,1.0,9391.0,37.0,249.0,582.0,24.25,431.0,47.0,22.0,40.0,31.0,11.0,70.0,2.92,47.0,2.0,6.0,7.0,6.0,2.0,368.0,218.0,211.0,125.0,32.0,189.0,396.0,47.7,207.0,282.0,85.0,197.0,239.0,607.0,567.0,6.0,49.6,14761.0,1765.0,4832.0,6644.0,3379.0,547.0,14755.0,382.0,150.0,39.3,185.0,48.4,8060.0,40717.0,20564.0,367.0,273.0,101.0,337.0,181.0,9297.0,978.0,70.0,3.0,3.0,258.0,265.0,37.0,438.0,239.0,218.0,5.0,5.0,1.0,1252.0,375.0,364.0,50.7,27.0,28.7,24.0,2160.0,90.0,100.0,24.0,264.0,82.0,156.0,106.0,20.0,109.0,1.38,43.0,44.0,-1.0,-0.04,39.5,41.0,-1.5,-0.06
9,2023-2024,Bundesliga,KÃ¶ln,26.0,26.1,45.3,24.0,264.0,2160.0,24.0,16.0,8.0,24.0,13.0,3.0,3.0,45.0,4.0,24.4,22.1,16.1,38.2,437.0,749.0,0.67,0.33,1.0,0.54,0.87,1.02,0.67,1.69,0.92,1.59,24.0,24.0,2160.0,39.0,1.62,119.0,80.0,68.9,3.0,8.0,13.0,3.0,12.5,2.0,2.0,0.0,0.0,0.0,39.0,2.0,0.0,5.0,0.0,44.4,0.37,5.4,0.23,93.0,251.0,37.1,776.0,73.0,29.0,30.6,170.0,15.3,23.1,323.0,10.0,3.1,15.0,0.63,12.6,16.0,284.0,92.0,32.4,11.83,3.83,0.05,0.14,17.8,11.0,3.0,3.0,24.4,22.1,0.08,-8.4,-9.1,8456.0,11077.0,76.3,148778.0,55158.0,3633.0,4254.0,85.4,3883.0,4600.0,84.4,748.0,1583.0,47.3,8.0,16.1,18.7,-8.1,197.0,548.0,139.0,52.0,749.0,11077.0,9854.0,1183.0,269.0,16.0,36.0,524.0,554.0,127.0,58.0,48.0,0.0,8456.0,40.0,300.0,497.0,20.71,346.0,53.0,20.0,42.0,29.0,7.0,24.0,1.0,12.0,1.0,2.0,5.0,4.0,0.0,442.0,267.0,240.0,162.0,40.0,242.0,470.0,51.5,228.0,374.0,113.0,261.0,225.0,667.0,528.0,6.0,45.3,13901.0,1614.0,5181.0,5934.0,2968.0,430.0,13898.0,389.0,189.0,48.6,165.0,42.4,7724.0,41878.0,20926.0,437.0,314.0,99.0,343.0,201.0,8335.0,746.0,45.0,4.0,3.0,280.0,250.0,40.0,524.0,225.0,267.0,2.0,2.0,0.0,1257.0,366.0,350.0,51.1,26.0,26.1,24.0,2160.0,90.0,100.0,24.0,264.0,82.0,151.0,111.0,19.0,104.0,0.71,16.0,39.0,-23.0,-0.96,24.4,47.6,-23.2,-0.97
10,2023-2024,Bundesliga,Leverkusen,24.0,26.8,62.2,24.0,264.0,2160.0,24.0,59.0,50.0,109.0,56.0,3.0,3.0,46.0,0.0,48.3,46.1,38.4,84.5,655.0,1367.0,2.46,2.08,4.54,2.33,4.42,2.01,1.6,3.61,1.92,3.52,24.0,24.0,2160.0,16.0,0.67,83.0,67.0,80.7,20.0,4.0,0.0,12.0,50.0,0.0,0.0,0.0,0.0,0.0,16.0,0.0,0.0,3.0,0.0,21.0,0.26,5.0,0.21,50.0,154.0,32.5,542.0,131.0,20.8,28.2,122.0,33.6,32.5,227.0,21.0,9.3,35.0,1.46,17.5,59.0,419.0,160.0,38.2,17.46,6.67,0.13,0.35,17.3,11.0,3.0,3.0,48.3,46.1,0.11,10.7,9.9,15206.0,17478.0,87.0,229021.0,76498.0,8803.0,9492.0,92.7,5121.0,5718.0,89.6,868.0,1384.0,62.7,50.0,38.4,45.4,11.6,345.0,1186.0,313.0,41.0,1367.0,17478.0,16406.0,1018.0,267.0,69.0,64.0,404.0,423.0,166.0,84.0,25.0,2.0,15206.0,54.0,274.0,762.0,31.75,581.0,52.0,60.0,34.0,27.0,8.0,110.0,4.58,78.0,10.0,12.0,5.0,5.0,0.0,326.0,195.0,128.0,134.0,64.0,136.0,294.0,46.3,158.0,241.0,47.0,194.0,164.0,490.0,329.0,8.0,62.2,20025.0,1239.0,4359.0,10293.0,5529.0,811.0,20022.0,541.0,268.0,49.5,234.0,43.3,11686.0,61355.0,33356.0,655.0,479.0,182.0,357.0,238.0,15104.0,1355.0,46.0,0.0,0.0,219.0,246.0,54.0,404.0,164.0,195.0,3.0,0.0,0.0,1363.0,246.0,220.0,52.8,24.0,26.8,24.0,2160.0,90.0,100.0,24.0,264.0,85.0,166.0,98.0,12.0,118.0,2.67,61.0,16.0,45.0,1.87,48.3,21.5,26.8,1.12
11,2023-2024,Bundesliga,M'Gladbach,27.0,25.9,46.9,24.0,264.0,2160.0,24.0,41.0,31.0,72.0,37.0,4.0,5.0,48.0,2.0,34.9,31.0,25.8,56.8,408.0,882.0,1.71,1.29,3.0,1.54,2.83,1.45,1.08,2.53,1.29,2.37,24.0,24.0,2160.0,46.0,1.92,148.0,102.0,72.3,6.0,8.0,10.0,3.0,12.5,5.0,5.0,0.0,0.0,0.0,46.0,5.0,0.0,6.0,0.0,44.8,0.27,-1.2,-0.05,101.0,281.0,35.9,735.0,121.0,29.5,37.0,181.0,35.4,32.6,395.0,20.0,5.1,17.0,0.71,13.3,41.0,318.0,100.0,31.4,13.25,4.17,0.12,0.37,17.6,4.0,4.0,5.0,34.9,31.0,0.1,6.1,6.0,9449.0,11866.0,79.6,162800.0,59280.0,4320.0,4940.0,87.4,4046.0,4684.0,86.4,824.0,1571.0,52.5,31.0,25.8,25.9,5.2,261.0,584.0,178.0,55.0,882.0,11866.0,10718.0,1106.0,310.0,35.0,50.0,394.0,421.0,126.0,43.0,65.0,1.0,9449.0,42.0,237.0,576.0,24.0,402.0,62.0,35.0,44.0,22.0,11.0,72.0,3.0,49.0,6.0,4.0,7.0,4.0,2.0,408.0,246.0,211.0,171.0,26.0,199.0,375.0,53.1,176.0,326.0,123.0,203.0,233.0,641.0,639.0,11.0,46.9,14753.0,1829.0,5571.0,6382.0,2939.0,493.0,14748.0,397.0,171.0,43.1,187.0,47.1,8434.0,41744.0,21153.0,408.0,311.0,106.0,302.0,234.0,9363.0,874.0,48.0,2.0,1.0,239.0,280.0,42.0,394.0,233.0,246.0,4.0,5.0,0.0,1253.0,341.0,352.0,49.2,27.0,25.9,24.0,2160.0,90.0,100.0,24.0,264.0,82.0,145.0,118.0,18.0,98.0,1.08,42.0,46.0,-4.0,-0.17,34.9,40.4,-5.5,-0.23
12,2023-2024,Bundesliga,Mainz 05,30.0,27.4,46.4,24.0,264.0,2160.0,24.0,18.0,15.0,33.0,18.0,0.0,4.0,71.0,2.0,26.7,23.6,17.9,41.5,321.0,843.0,0.75,0.62,1.37,0.75,1.37,1.11,0.74,1.86,0.98,1.73,24.0,24.0,2160.0,38.0,1.58,102.0,65.0,64.7,2.0,10.0,12.0,4.0,16.7,2.0,2.0,0.0,0.0,0.0,38.0,2.0,2.0,1.0,1.0,36.0,0.34,-1.0,-0.04,133.0,361.0,36.8,694.0,117.0,42.7,34.7,139.0,46.8,39.6,288.0,30.0,10.4,31.0,1.29,11.3,18.0,329.0,88.0,26.7,13.71,3.67,0.05,0.2,17.8,13.0,0.0,4.0,26.7,23.6,0.07,-8.7,-5.6,7897.0,10923.0,72.3,146283.0,58682.0,3321.0,4062.0,81.8,3405.0,4311.0,79.0,967.0,1935.0,50.0,15.0,17.9,22.9,-2.9,235.0,675.0,176.0,53.0,843.0,10923.0,9653.0,1226.0,317.0,21.0,53.0,454.0,580.0,130.0,54.0,58.0,1.0,7897.0,44.0,255.0,568.0,23.67,374.0,72.0,29.0,45.0,40.0,8.0,30.0,1.25,20.0,6.0,2.0,2.0,0.0,0.0,396.0,223.0,176.0,176.0,44.0,179.0,373.0,48.0,194.0,315.0,74.0,241.0,260.0,656.0,477.0,3.0,46.4,13819.0,1424.0,4557.0,6200.0,3196.0,565.0,13815.0,417.0,185.0,44.4,187.0,44.8,6423.0,32708.0,15340.0,321.0,223.0,84.0,384.0,200.0,7816.0,835.0,71.0,2.0,1.0,338.0,293.0,44.0,454.0,260.0,223.0,3.0,2.0,1.0,1340.0,475.0,540.0,46.8,30.0,27.4,24.0,2160.0,90.0,100.0,24.0,264.0,82.0,158.0,105.0,19.0,102.0,0.67,19.0,38.0,-19.0,-0.79,26.7,28.3,-1.5,-0.06
13,2023-2024,Bundesliga,RB Leipzig,24.0,26.3,55.8,24.0,264.0,2160.0,24.0,51.0,36.0,87.0,48.0,3.0,6.0,43.0,0.0,44.6,39.9,31.3,71.2,493.0,1074.0,2.12,1.5,3.62,2.0,3.5,1.86,1.3,3.16,1.66,2.97,24.0,24.0,2160.0,31.0,1.29,79.0,48.0,64.6,13.0,4.0,7.0,7.0,29.2,3.0,3.0,0.0,0.0,0.0,31.0,3.0,1.0,7.0,0.0,24.9,0.28,-6.1,-0.26,63.0,177.0,35.6,897.0,100.0,14.4,25.8,164.0,29.3,31.3,279.0,14.0,5.0,43.0,1.79,18.0,51.0,365.0,153.0,41.9,15.21,6.37,0.13,0.31,16.9,13.0,3.0,6.0,44.6,39.9,0.11,6.4,8.1,11506.0,13971.0,82.4,200109.0,68447.0,5006.0,5654.0,88.5,5313.0,5992.0,88.7,950.0,1631.0,58.2,36.0,31.3,34.9,4.7,277.0,835.0,232.0,47.0,1074.0,13971.0,12767.0,1156.0,323.0,67.0,71.0,433.0,474.0,142.0,49.0,59.0,2.0,11506.0,48.0,251.0,644.0,26.83,466.0,51.0,42.0,41.0,36.0,8.0,83.0,3.46,59.0,6.0,6.0,7.0,5.0,0.0,388.0,219.0,174.0,170.0,44.0,179.0,354.0,50.6,175.0,327.0,67.0,260.0,175.0,563.0,427.0,9.0,55.8,16614.0,1400.0,4932.0,8103.0,3737.0,639.0,16608.0,433.0,211.0,48.7,168.0,38.8,10065.0,49772.0,26413.0,493.0,387.0,118.0,349.0,225.0,11447.0,1065.0,43.0,0.0,0.0,254.0,295.0,48.0,433.0,175.0,219.0,6.0,3.0,0.0,1280.0,309.0,290.0,51.6,24.0,26.3,24.0,2160.0,90.0,100.0,24.0,264.0,83.0,150.0,115.0,17.0,101.0,1.79,53.0,31.0,22.0,0.92,44.6,28.1,16.5,0.69
14,2023-2024,Bundesliga,Stuttgart,27.0,25.6,59.0,24.0,264.0,2160.0,24.0,55.0,43.0,98.0,50.0,5.0,8.0,39.0,1.0,51.2,44.9,37.0,81.9,500.0,1119.0,2.29,1.79,4.08,2.08,3.87,2.13,1.54,3.68,1.87,3.41,24.0,24.0,2160.0,31.0,1.29,94.0,65.0,68.1,16.0,2.0,6.0,6.0,25.0,1.0,1.0,0.0,0.0,0.0,31.0,1.0,0.0,6.0,2.0,25.3,0.27,-3.7,-0.16,118.0,270.0,43.7,822.0,109.0,28.5,32.8,148.0,24.3,25.2,284.0,26.0,9.2,48.0,2.0,13.3,55.0,361.0,140.0,38.8,15.04,5.83,0.14,0.36,17.4,7.0,5.0,8.0,51.2,44.9,0.13,3.8,5.1,13081.0,15443.0,84.7,215019.0,74047.0,6307.0,6905.0,91.3,5336.0,5969.0,89.4,977.0,1678.0,58.2,43.0,37.0,40.8,6.0,284.0,934.0,248.0,60.0,1119.0,15443.0,14338.0,1070.0,316.0,60.0,73.0,391.0,434.0,118.0,63.0,16.0,0.0,13081.0,35.0,249.0,662.0,27.58,510.0,35.0,44.0,39.0,22.0,12.0,100.0,4.17,76.0,2.0,11.0,6.0,4.0,1.0,384.0,228.0,159.0,175.0,50.0,180.0,361.0,49.9,181.0,268.0,84.0,184.0,203.0,587.0,453.0,8.0,59.0,18146.0,1623.0,5162.0,9023.0,4113.0,630.0,18138.0,493.0,235.0,47.7,207.0,42.0,10689.0,54702.0,27201.0,500.0,394.0,127.0,392.0,241.0,12940.0,1111.0,39.0,1.0,1.0,240.0,269.0,35.0,391.0,203.0,228.0,7.0,1.0,2.0,1290.0,344.0,323.0,51.6,27.0,25.6,24.0,2160.0,90.0,100.0,24.0,264.0,83.0,154.0,109.0,16.0,107.0,2.08,55.0,31.0,24.0,1.0,51.2,25.7,25.5,1.06
15,2023-2024,Bundesliga,Union Berlin,30.0,28.9,43.6,24.0,264.0,2160.0,24.0,23.0,16.0,39.0,21.0,2.0,3.0,46.0,5.0,27.4,25.0,17.0,42.1,269.0,821.0,0.96,0.67,1.62,0.87,1.54,1.14,0.71,1.85,1.04,1.75,24.0,24.0,2160.0,39.0,1.62,119.0,79.0,69.7,7.0,4.0,13.0,5.0,20.8,5.0,3.0,2.0,0.0,40.0,39.0,3.0,1.0,6.0,1.0,36.5,0.27,-1.5,-0.06,122.0,365.0,33.4,750.0,123.0,35.5,34.1,190.0,52.1,41.2,392.0,34.0,8.7,30.0,1.25,5.0,23.0,282.0,88.0,31.2,11.75,3.67,0.07,0.24,16.5,7.0,2.0,3.0,27.4,25.0,0.09,-4.4,-4.0,7892.0,10608.0,74.4,146900.0,61090.0,3235.0,3828.0,84.5,3537.0,4280.0,82.6,927.0,1871.0,49.5,16.0,17.0,19.3,-1.0,205.0,624.0,157.0,60.0,821.0,10608.0,9401.0,1157.0,273.0,23.0,33.0,486.0,521.0,111.0,38.0,56.0,2.0,7892.0,50.0,232.0,493.0,20.54,350.0,57.0,19.0,34.0,22.0,11.0,42.0,1.75,26.0,5.0,4.0,2.0,4.0,1.0,378.0,241.0,168.0,164.0,46.0,179.0,346.0,51.7,167.0,315.0,87.0,228.0,201.0,579.0,576.0,6.0,43.6,13456.0,1588.0,4932.0,5737.0,2928.0,470.0,13453.0,321.0,137.0,42.7,164.0,51.1,6485.0,33215.0,16946.0,269.0,208.0,74.0,404.0,200.0,7813.0,810.0,46.0,5.0,2.0,273.0,237.0,50.0,486.0,201.0,241.0,2.0,5.0,1.0,1254.0,427.0,437.0,49.4,30.0,28.9,24.0,2160.0,90.0,100.0,24.0,264.0,80.0,142.0,118.0,22.0,98.0,1.04,23.0,39.0,-16.0,-0.67,27.4,35.3,-7.9,-0.33
16,2023-2024,Bundesliga,Werder Bremen,28.0,27.8,47.3,24.0,264.0,2160.0,24.0,31.0,23.0,54.0,28.0,3.0,4.0,54.0,0.0,32.1,28.9,24.9,53.8,343.0,815.0,1.29,0.96,2.25,1.17,2.12,1.34,1.04,2.38,1.2,2.24,24.0,24.0,2160.0,37.0,1.54,110.0,74.0,70.0,8.0,6.0,10.0,6.0,25.0,4.0,4.0,0.0,0.0,0.0,37.0,4.0,0.0,4.0,1.0,35.2,0.3,-0.8,-0.03,124.0,284.0,43.7,739.0,154.0,32.3,32.6,201.0,22.4,28.1,359.0,30.0,8.4,27.0,1.13,14.7,31.0,279.0,80.0,28.7,11.62,3.33,0.1,0.35,17.2,10.0,3.0,4.0,32.1,28.9,0.1,-1.1,-0.9,9018.0,11664.0,77.3,167214.0,64738.0,3722.0,4425.0,84.1,4018.0,4740.0,84.8,1099.0,1885.0,58.3,23.0,24.9,27.3,-1.9,225.0,611.0,195.0,58.0,815.0,11664.0,10541.0,1066.0,328.0,37.0,71.0,364.0,396.0,80.0,32.0,38.0,0.0,9018.0,57.0,235.0,497.0,20.71,382.0,34.0,27.0,24.0,23.0,7.0,57.0,2.37,47.0,1.0,3.0,2.0,4.0,0.0,414.0,248.0,207.0,164.0,43.0,217.0,423.0,51.3,206.0,314.0,111.0,203.0,194.0,608.0,553.0,7.0,47.3,14417.0,1782.0,5428.0,6421.0,2727.0,471.0,14413.0,388.0,183.0,47.2,172.0,44.3,8075.0,41749.0,20942.0,343.0,247.0,74.0,380.0,180.0,8929.0,809.0,54.0,0.0,0.0,300.0,280.0,57.0,364.0,194.0,248.0,3.0,4.0,1.0,1310.0,402.0,397.0,50.3,28.0,27.8,24.0,2160.0,90.0,100.0,24.0,264.0,83.0,155.0,109.0,16.0,103.0,1.25,33.0,37.0,-4.0,-0.17,32.1,38.4,-6.3,-0.26
17,2023-2024,Bundesliga,Wolfsburg,27.0,26.2,47.6,24.0,264.0,2160.0,24.0,30.0,19.0,49.0,28.0,2.0,3.0,62.0,2.0,29.4,26.9,20.5,47.4,308.0,889.0,1.25,0.79,2.04,1.17,1.96,1.23,0.86,2.08,1.12,1.98,24.0,24.0,2160.0,39.0,1.62,111.0,74.0,66.7,6.0,7.0,11.0,3.0,12.5,2.0,2.0,0.0,0.0,0.0,39.0,2.0,1.0,3.0,2.0,35.6,0.31,-1.4,-0.06,134.0,344.0,39.0,705.0,124.0,36.5,34.8,184.0,47.3,38.6,340.0,19.0,5.6,38.0,1.58,16.5,30.0,295.0,109.0,36.9,12.29,4.54,0.09,0.26,17.4,12.0,2.0,3.0,29.4,26.9,0.09,0.6,1.1,9067.0,11657.0,77.8,164726.0,61509.0,3844.0,4434.0,86.7,4043.0,4787.0,84.5,956.0,1783.0,53.6,19.0,20.5,26.6,-1.5,223.0,683.0,184.0,49.0,889.0,11657.0,10432.0,1192.0,347.0,25.0,54.0,420.0,495.0,103.0,63.0,35.0,0.0,9067.0,33.0,248.0,527.0,21.96,390.0,38.0,29.0,37.0,30.0,3.0,54.0,2.25,42.0,0.0,2.0,8.0,2.0,0.0,381.0,216.0,191.0,139.0,51.0,189.0,382.0,49.5,193.0,310.0,76.0,234.0,212.0,593.0,567.0,7.0,47.6,14347.0,1517.0,4852.0,6468.0,3143.0,473.0,14344.0,370.0,161.0,43.5,173.0,46.8,7669.0,38298.0,18708.0,308.0,209.0,75.0,376.0,175.0,8990.0,881.0,62.0,2.0,1.0,313.0,291.0,33.0,420.0,212.0,216.0,3.0,2.0,2.0,1174.0,367.0,336.0,52.2,27.0,26.2,24.0,2160.0,90.0,100.0,24.0,264.0,83.0,154.0,108.0,18.0,107.0,1.04,30.0,39.0,-9.0,-0.37,29.4,33.0,-3.6,-0.15
0,2023-2024,Serie-A,Atalanta,28.0,27.0,50.2,27.0,297.0,2430.0,27.0,49.0,38.0,87.0,46.0,3.0,3.0,61.0,1.0,40.6,38.2,29.6,67.8,513.0,1225.0,1.81,1.41,3.22,1.7,3.11,1.5,1.1,2.6,1.41,2.51,27.0,27.0,2430.0,30.0,1.11,104.0,73.0,76.0,14.0,4.0,9.0,11.0,40.7,8.0,5.0,2.0,1.0,28.6,30.0,5.0,0.0,3.0,1.0,29.1,0.22,0.1,0.0,114.0,331.0,34.4,716.0,147.0,28.9,29.5,183.0,67.8,50.5,307.0,25.0,8.1,40.0,1.48,16.8,49.0,380.0,138.0,36.3,14.07,5.11,0.12,0.33,15.8,5.0,3.0,3.0,40.6,38.2,0.1,8.4,7.8,11320.0,14127.0,80.1,198637.0,70446.0,5107.0,5840.0,87.4,4885.0,5624.0,86.9,1068.0,1913.0,55.8,38.0,29.6,26.7,8.4,297.0,854.0,260.0,84.0,1225.0,14127.0,12834.0,1248.0,310.0,25.0,95.0,532.0,546.0,153.0,73.0,53.0,1.0,11320.0,45.0,279.0,679.0,25.15,506.0,60.0,38.0,41.0,26.0,8.0,87.0,3.22,71.0,6.0,1.0,6.0,3.0,0.0,435.0,268.0,200.0,169.0,66.0,204.0,421.0,48.5,217.0,347.0,83.0,264.0,249.0,684.0,430.0,6.0,50.2,17089.0,1623.0,5511.0,7454.0,4265.0,646.0,17086.0,429.0,205.0,47.8,179.0,41.7,9497.0,49485.0,24181.0,513.0,346.0,116.0,450.0,266.0,11234.0,1210.0,61.0,1.0,1.0,342.0,260.0,45.0,532.0,249.0,268.0,2.0,8.0,1.0,1520.0,447.0,341.0,56.7,28.0,27.0,27.0,2430.0,90.0,100.0,27.0,297.0,80.0,164.0,134.0,22.0,184.0,1.7,49.0,30.0,19.0,0.7,40.6,29.3,11.3,0.42
1,2023-2024,Serie-A,Bologna,26.0,25.9,57.1,27.0,297.0,2430.0,27.0,39.0,23.0,62.0,35.0,4.0,5.0,64.0,1.0,33.7,29.8,21.0,50.8,461.0,998.0,1.44,0.85,2.3,1.3,2.15,1.25,0.78,2.03,1.1,1.88,27.0,27.0,2430.0,24.0,0.89,90.0,66.0,76.7,14.0,9.0,4.0,11.0,40.7,6.0,3.0,1.0,2.0,25.0,24.0,3.0,1.0,2.0,1.0,24.2,0.23,1.2,0.04,88.0,257.0,34.2,693.0,114.0,28.0,30.1,207.0,30.4,30.9,381.0,12.0,3.1,8.0,0.3,10.2,39.0,327.0,114.0,34.9,12.11,4.22,0.11,0.31,17.9,12.0,4.0,5.0,33.7,29.8,0.09,5.3,5.2,13257.0,15722.0,84.3,219489.0,71162.0,6479.0,7112.0,91.1,5404.0,6025.0,89.7,973.0,1703.0,57.1,23.0,21.0,16.6,2.0,242.0,857.0,179.0,42.0,998.0,15722.0,14419.0,1264.0,359.0,24.0,92.0,353.0,541.0,107.0,64.0,33.0,1.0,13257.0,39.0,296.0,571.0,21.15,426.0,42.0,42.0,34.0,22.0,5.0,60.0,2.22,39.0,1.0,7.0,8.0,5.0,0.0,461.0,276.0,223.0,198.0,40.0,224.0,429.0,52.2,205.0,299.0,82.0,217.0,186.0,647.0,502.0,10.0,57.1,18621.0,1947.0,6359.0,8779.0,3648.0,503.0,18616.0,498.0,214.0,43.0,241.0,48.4,11047.0,59148.0,29197.0,461.0,320.0,101.0,399.0,196.0,13141.0,989.0,64.0,1.0,1.0,325.0,311.0,39.0,353.0,186.0,276.0,3.0,6.0,1.0,1299.0,297.0,295.0,50.2,26.0,25.9,27.0,2430.0,90.0,100.0,27.0,297.0,82.0,173.0,125.0,20.0,187.0,1.89,41.0,24.0,17.0,0.63,33.7,26.7,7.0,0.26
2,2023-2024,Serie-A,Cagliari,28.0,26.8,43.8,27.0,297.0,2430.0,27.0,24.0,19.0,43.0,23.0,1.0,3.0,57.0,3.0,27.8,25.7,19.7,45.4,388.0,826.0,0.89,0.7,1.59,0.85,1.56,1.03,0.73,1.76,0.95,1.68,27.0,27.0,2430.0,47.0,1.74,109.0,64.0,58.7,5.0,8.0,14.0,4.0,14.8,3.0,2.0,0.0,1.0,0.0,47.0,2.0,1.0,8.0,2.0,39.5,0.35,-5.5,-0.2,150.0,367.0,40.9,621.0,111.0,37.8,34.9,230.0,57.4,44.2,391.0,20.0,5.1,20.0,0.74,12.3,24.0,320.0,88.0,27.5,11.85,3.26,0.07,0.26,17.9,13.0,1.0,3.0,27.8,25.7,0.08,-3.8,-2.7,8160.0,11035.0,73.9,155428.0,61002.0,3413.0,3997.0,85.4,3523.0,4343.0,81.1,1085.0,2160.0,50.2,19.0,19.7,19.1,-0.7,241.0,635.0,196.0,94.0,826.0,11035.0,9645.0,1352.0,351.0,28.0,111.0,631.0,569.0,128.0,41.0,74.0,2.0,8160.0,38.0,226.0,574.0,21.26,404.0,59.0,29.0,37.0,31.0,14.0,41.0,1.52,26.0,5.0,2.0,5.0,1.0,2.0,375.0,225.0,191.0,138.0,46.0,186.0,376.0,49.5,190.0,268.0,84.0,184.0,197.0,572.0,562.0,10.0,43.8,13770.0,1619.0,4826.0,5890.0,3195.0,484.0,13767.0,353.0,165.0,46.7,144.0,40.8,7053.0,37878.0,19321.0,388.0,259.0,78.0,380.0,227.0,8065.0,815.0,57.0,3.0,2.0,332.0,283.0,38.0,631.0,197.0,225.0,1.0,3.0,2.0,1323.0,397.0,431.0,47.9,28.0,26.8,27.0,2430.0,90.0,100.0,27.0,297.0,79.0,166.0,129.0,24.0,223.0,0.85,25.0,47.0,-22.0,-0.81,27.8,39.4,-11.5,-0.43
3,2023-2024,Serie-A,Empoli,34.0,26.6,45.8,27.0,297.0,2430.0,27.0,19.0,13.0,32.0,15.0,4.0,4.0,59.0,0.0,27.7,24.7,19.6,44.3,396.0,808.0,0.7,0.48,1.19,0.56,1.04,1.03,0.73,1.75,0.91,1.64,27.0,27.0,2430.0,41.0,1.52,131.0,89.0,71.8,6.0,7.0,14.0,7.0,25.9,6.0,4.0,2.0,0.0,33.3,41.0,4.0,0.0,8.0,1.0,36.0,0.23,-4.0,-0.15,103.0,352.0,29.3,719.0,143.0,37.6,35.0,221.0,37.1,34.5,459.0,21.0,4.6,26.0,0.96,16.3,19.0,316.0,89.0,28.2,11.7,3.3,0.05,0.17,18.9,18.0,4.0,4.0,27.7,24.7,0.08,-8.7,-9.7,8844.0,11542.0,76.6,159471.0,60370.0,3783.0,4362.0,86.7,3908.0,4629.0,84.4,927.0,1906.0,48.6,13.0,19.6,18.7,-6.6,226.0,604.0,156.0,53.0,808.0,11542.0,10090.0,1397.0,383.0,31.0,43.0,481.0,592.0,133.0,36.0,67.0,0.0,8844.0,55.0,249.0,550.0,20.37,365.0,70.0,25.0,39.0,41.0,10.0,32.0,1.19,19.0,2.0,3.0,3.0,5.0,0.0,441.0,266.0,219.0,162.0,60.0,219.0,397.0,55.2,178.0,320.0,103.0,217.0,192.0,633.0,599.0,6.0,45.8,14540.0,1824.0,5313.0,6169.0,3213.0,484.0,14536.0,431.0,165.0,38.3,210.0,48.7,8113.0,44012.0,21410.0,396.0,280.0,100.0,374.0,223.0,8778.0,804.0,59.0,0.0,0.0,354.0,356.0,55.0,481.0,192.0,266.0,3.0,6.0,1.0,1223.0,347.0,447.0,43.7,34.0,26.6,27.0,2430.0,90.0,100.0,27.0,297.0,80.0,168.0,130.0,22.0,182.0,0.93,22.0,41.0,-19.0,-0.7,27.7,35.1,-7.4,-0.27
4,2023-2024,Serie-A,Fiorentina,28.0,27.7,57.3,27.0,297.0,2430.0,27.0,38.0,23.0,61.0,35.0,3.0,6.0,59.0,0.0,33.8,29.0,21.5,50.5,443.0,1193.0,1.41,0.85,2.26,1.3,2.15,1.25,0.8,2.05,1.08,1.87,27.0,27.0,2430.0,30.0,1.11,107.0,76.0,77.6,12.0,6.0,9.0,7.0,25.9,7.0,6.0,1.0,0.0,14.3,30.0,6.0,2.0,2.0,0.0,32.8,0.24,2.8,0.1,136.0,318.0,42.8,868.0,96.0,29.4,33.2,133.0,47.4,39.3,238.0,6.0,2.5,22.0,0.81,22.0,38.0,356.0,112.0,31.5,13.19,4.15,0.1,0.31,17.8,7.0,3.0,6.0,33.8,29.0,0.08,4.2,6.0,11575.0,14350.0,80.7,220070.0,73909.0,4540.0,5136.0,88.4,5320.0,6090.0,87.4,1479.0,2430.0,60.9,23.0,21.5,26.0,1.5,273.0,955.0,255.0,65.0,1193.0,14350.0,13014.0,1298.0,381.0,41.0,109.0,543.0,593.0,135.0,34.0,69.0,1.0,11575.0,38.0,274.0,636.0,23.56,476.0,55.0,24.0,43.0,30.0,8.0,66.0,2.44,41.0,9.0,5.0,8.0,3.0,0.0,433.0,246.0,180.0,177.0,76.0,211.0,388.0,54.4,177.0,313.0,68.0,245.0,165.0,598.0,360.0,7.0,57.3,17036.0,1479.0,4795.0,7835.0,4560.0,630.0,17030.0,449.0,196.0,43.7,201.0,44.8,10227.0,54176.0,25700.0,443.0,407.0,109.0,390.0,236.0,11439.0,1185.0,59.0,0.0,0.0,346.0,315.0,38.0,543.0,165.0,246.0,4.0,7.0,0.0,1319.0,426.0,432.0,49.7,28.0,27.7,27.0,2430.0,90.0,100.0,27.0,297.0,81.0,168.0,129.0,22.0,234.0,1.56,39.0,30.0,9.0,0.33,33.8,33.4,0.4,0.01
5,2023-2024,Serie-A,Frosinone,34.0,24.8,51.6,27.0,297.0,2430.0,27.0,35.0,21.0,56.0,28.0,7.0,7.0,54.0,2.0,31.1,25.7,20.4,46.1,377.0,948.0,1.3,0.78,2.07,1.04,1.81,1.15,0.76,1.91,0.95,1.71,27.0,27.0,2430.0,56.0,2.07,136.0,81.0,61.8,6.0,6.0,15.0,2.0,7.4,7.0,4.0,1.0,2.0,20.0,56.0,4.0,0.0,9.0,2.0,40.7,0.27,-13.3,-0.49,61.0,267.0,22.8,739.0,132.0,29.2,34.8,234.0,21.8,24.1,397.0,19.0,4.8,18.0,0.67,10.4,35.0,305.0,101.0,33.1,11.3,3.74,0.09,0.28,19.0,15.0,7.0,7.0,31.1,25.7,0.09,3.9,2.3,10414.0,13107.0,79.5,171810.0,64457.0,5083.0,5720.0,88.9,4180.0,4950.0,84.4,819.0,1685.0,48.6,21.0,20.4,17.5,0.6,235.0,690.0,202.0,45.0,948.0,13107.0,11661.0,1408.0,368.0,36.0,45.0,341.0,578.0,145.0,48.0,40.0,1.0,10414.0,38.0,249.0,528.0,19.56,370.0,55.0,39.0,27.0,29.0,8.0,61.0,2.26,35.0,10.0,3.0,2.0,8.0,3.0,398.0,236.0,173.0,165.0,60.0,178.0,383.0,46.5,205.0,321.0,101.0,220.0,178.0,576.0,577.0,11.0,51.6,16110.0,1990.0,5666.0,7044.0,3542.0,482.0,16103.0,506.0,215.0,42.5,246.0,48.6,8569.0,44313.0,21219.0,377.0,282.0,96.0,416.0,250.0,10318.0,938.0,54.0,2.0,1.0,270.0,314.0,38.0,341.0,178.0,236.0,5.0,7.0,2.0,1315.0,359.0,399.0,47.4,34.0,24.8,27.0,2430.0,90.0,100.0,27.0,297.0,81.0,170.0,128.0,20.0,206.0,0.89,35.0,56.0,-21.0,-0.78,31.1,42.7,-11.6,-0.43
6,2023-2024,Serie-A,Genoa,31.0,27.4,43.6,27.0,297.0,2430.0,27.0,29.0,20.0,49.0,27.0,2.0,2.0,68.0,3.0,22.9,21.4,16.8,38.2,328.0,766.0,1.07,0.74,1.81,1.0,1.74,0.85,0.62,1.47,0.79,1.41,27.0,27.0,2430.0,33.0,1.22,103.0,70.0,69.9,8.0,9.0,10.0,6.0,22.2,3.0,2.0,1.0,0.0,33.3,33.0,2.0,1.0,2.0,1.0,31.6,0.29,-0.4,-0.02,165.0,433.0,38.1,831.0,83.0,42.1,42.5,228.0,36.4,31.1,421.0,33.0,7.8,30.0,1.11,17.8,29.0,286.0,86.0,30.1,10.59,3.19,0.09,0.31,17.3,17.0,2.0,2.0,22.9,21.4,0.08,6.1,5.6,8469.0,11156.0,75.9,154108.0,61135.0,3643.0,4230.0,86.1,3598.0,4289.0,83.9,955.0,1934.0,49.4,20.0,16.8,18.0,3.2,219.0,622.0,154.0,50.0,766.0,11156.0,9881.0,1247.0,359.0,14.0,46.0,442.0,493.0,108.0,36.0,58.0,3.0,8469.0,28.0,230.0,509.0,18.85,325.0,77.0,18.0,45.0,40.0,4.0,52.0,1.93,37.0,3.0,5.0,6.0,1.0,0.0,455.0,258.0,227.0,180.0,48.0,221.0,423.0,52.2,202.0,335.0,106.0,229.0,239.0,694.0,559.0,11.0,43.6,14054.0,1778.0,5151.0,6011.0,3014.0,422.0,14052.0,314.0,137.0,43.6,141.0,44.9,7545.0,39210.0,18836.0,328.0,250.0,59.0,402.0,201.0,8371.0,753.0,68.0,3.0,3.0,315.0,294.0,28.0,442.0,239.0,258.0,0.0,3.0,1.0,1201.0,418.0,363.0,53.5,31.0,27.4,27.0,2430.0,90.0,100.0,27.0,297.0,83.0,186.0,108.0,19.0,212.0,1.22,29.0,33.0,-4.0,-0.15,22.9,28.1,-5.2,-0.19
7,2023-2024,Serie-A,Hellas Verona,34.0,26.4,44.5,27.0,297.0,2430.0,27.0,24.0,18.0,42.0,22.0,2.0,6.0,63.0,4.0,24.1,19.3,15.4,34.7,397.0,783.0,0.89,0.67,1.56,0.81,1.48,0.89,0.57,1.46,0.71,1.28,27.0,27.0,2430.0,36.0,1.33,115.0,80.0,70.4,5.0,8.0,14.0,6.0,22.2,2.0,2.0,0.0,0.0,0.0,36.0,2.0,0.0,4.0,1.0,30.5,0.25,-4.5,-0.17,237.0,540.0,43.9,721.0,82.0,51.9,39.8,229.0,72.5,53.0,348.0,10.0,2.9,36.0,1.33,16.3,24.0,295.0,99.0,33.6,10.93,3.67,0.07,0.22,19.1,10.0,2.0,6.0,24.1,19.3,0.07,-0.1,2.7,7781.0,10575.0,73.6,155313.0,61769.0,2937.0,3587.0,81.9,3501.0,4226.0,82.8,1174.0,2177.0,53.9,18.0,15.4,14.4,2.6,223.0,677.0,137.0,64.0,783.0,10575.0,9258.0,1274.0,379.0,18.0,122.0,489.0,515.0,88.0,18.0,57.0,0.0,7781.0,43.0,213.0,523.0,19.37,355.0,64.0,28.0,36.0,29.0,11.0,41.0,1.52,25.0,4.0,3.0,4.0,3.0,2.0,428.0,268.0,219.0,159.0,50.0,204.0,410.0,49.8,206.0,280.0,92.0,188.0,201.0,629.0,560.0,11.0,44.5,13497.0,1611.0,4737.0,6182.0,2748.0,392.0,13491.0,409.0,191.0,46.7,178.0,43.5,7275.0,40590.0,18742.0,397.0,291.0,78.0,426.0,206.0,7685.0,775.0,63.0,4.0,2.0,370.0,330.0,43.0,489.0,201.0,268.0,3.0,2.0,1.0,1350.0,529.0,403.0,56.8,34.0,26.4,27.0,2430.0,90.0,100.0,27.0,297.0,81.0,167.0,127.0,21.0,222.0,0.85,24.0,36.0,-12.0,-0.44,24.1,33.5,-9.4,-0.35
8,2023-2024,Serie-A,Inter,26.0,29.8,56.3,27.0,297.0,2430.0,27.0,67.0,48.0,115.0,57.0,10.0,11.0,37.0,0.0,58.0,49.5,41.4,90.9,516.0,1163.0,2.48,1.78,4.26,2.11,3.89,2.15,1.53,3.68,1.83,3.37,27.0,27.0,2430.0,13.0,0.48,69.0,55.0,84.1,23.0,3.0,1.0,17.0,63.0,4.0,2.0,1.0,1.0,33.3,13.0,2.0,0.0,1.0,0.0,17.7,0.21,4.7,0.17,88.0,192.0,45.8,808.0,94.0,19.1,26.7,172.0,22.1,26.3,322.0,14.0,4.3,13.0,0.48,12.1,67.0,412.0,138.0,33.5,15.26,5.11,0.14,0.41,16.6,13.0,10.0,11.0,58.0,49.5,0.12,9.0,7.5,13200.0,15599.0,84.6,229719.0,77090.0,5982.0,6568.0,91.1,5530.0,6202.0,89.2,1307.0,2005.0,65.2,48.0,41.4,37.1,6.6,314.0,893.0,308.0,88.0,1163.0,15599.0,14376.0,1179.0,308.0,49.0,123.0,596.0,489.0,170.0,80.0,62.0,0.0,13200.0,44.0,258.0,752.0,27.85,577.0,64.0,17.0,46.0,34.0,14.0,117.0,4.33,81.0,7.0,7.0,8.0,10.0,4.0,392.0,240.0,175.0,165.0,52.0,159.0,333.0,47.7,174.0,245.0,75.0,170.0,202.0,594.0,410.0,3.0,56.3,18195.0,1751.0,5691.0,8208.0,4421.0,744.0,18184.0,331.0,145.0,43.8,147.0,44.4,10931.0,51882.0,26330.0,516.0,397.0,131.0,338.0,168.0,13097.0,1150.0,37.0,0.0,0.0,292.0,280.0,44.0,596.0,202.0,240.0,9.0,4.0,0.0,1192.0,381.0,269.0,58.6,26.0,29.8,27.0,2430.0,90.0,100.0,27.0,297.0,81.0,163.0,135.0,19.0,204.0,2.67,69.0,13.0,56.0,2.07,58.0,21.0,37.0,1.37
9,2023-2024,Serie-A,Juventus,27.0,27.2,48.1,27.0,297.0,2430.0,27.0,41.0,32.0,73.0,38.0,3.0,5.0,64.0,1.0,41.5,37.4,30.2,67.6,496.0,1015.0,1.52,1.19,2.7,1.41,2.59,1.54,1.12,2.65,1.39,2.51,27.0,27.0,2430.0,21.0,0.78,83.0,63.0,74.7,17.0,6.0,4.0,12.0,44.4,1.0,0.0,1.0,0.0,100.0,21.0,0.0,0.0,2.0,2.0,20.8,0.24,1.8,0.07,121.0,280.0,43.2,550.0,93.0,39.5,33.4,233.0,27.0,29.8,420.0,21.0,5.0,16.0,0.59,10.9,41.0,379.0,102.0,26.9,14.04,3.78,0.1,0.37,16.7,12.0,3.0,5.0,41.5,37.4,0.11,-0.5,0.6,10500.0,12898.0,81.4,195076.0,66689.0,4298.0,4849.0,88.6,4771.0,5445.0,87.6,1252.0,2020.0,62.0,32.0,30.2,27.1,1.8,299.0,828.0,208.0,73.0,1015.0,12898.0,11659.0,1187.0,279.0,23.0,99.0,494.0,491.0,136.0,43.0,69.0,0.0,10500.0,52.0,210.0,658.0,24.37,467.0,64.0,33.0,54.0,28.0,12.0,69.0,2.56,44.0,4.0,3.0,12.0,4.0,2.0,403.0,256.0,193.0,164.0,46.0,190.0,322.0,59.0,132.0,264.0,85.0,179.0,186.0,589.0,537.0,2.0,48.1,15771.0,1575.0,4747.0,7330.0,3826.0,643.0,15766.0,428.0,189.0,44.2,188.0,43.9,8974.0,48517.0,25305.0,496.0,359.0,133.0,390.0,208.0,10384.0,1000.0,64.0,1.0,0.0,332.0,261.0,52.0,494.0,186.0,256.0,3.0,1.0,2.0,1205.0,361.0,299.0,54.7,27.0,27.2,27.0,2430.0,90.0,100.0,27.0,297.0,82.0,175.0,122.0,19.0,177.0,2.11,42.0,21.0,21.0,0.78,41.5,20.2,21.2,0.79
10,2023-2024,Serie-A,Lazio,21.0,28.9,51.0,27.0,297.0,2430.0,27.0,30.0,20.0,50.0,26.0,4.0,4.0,71.0,5.0,31.1,28.0,20.6,48.6,522.0,1021.0,1.11,0.74,1.85,0.96,1.7,1.15,0.76,1.92,1.04,1.8,27.0,27.0,2430.0,29.0,1.07,104.0,75.0,74.0,12.0,4.0,11.0,9.0,33.3,3.0,2.0,0.0,1.0,0.0,29.0,2.0,0.0,1.0,0.0,26.6,0.23,-2.4,-0.09,85.0,223.0,38.1,707.0,98.0,23.9,30.8,218.0,24.8,28.3,338.0,15.0,4.4,14.0,0.52,12.3,30.0,286.0,86.0,30.1,10.59,3.19,0.09,0.3,18.1,9.0,4.0,4.0,31.1,28.0,0.1,-1.1,-2.0,11991.0,14517.0,82.6,200496.0,70425.0,5823.0,6424.0,90.6,4681.0,5386.0,86.9,1107.0,1873.0,59.1,20.0,20.6,20.0,-0.6,217.0,846.0,208.0,45.0,1021.0,14517.0,13198.0,1275.0,346.0,39.0,66.0,432.0,522.0,133.0,42.0,72.0,0.0,11991.0,44.0,264.0,496.0,18.37,376.0,35.0,24.0,32.0,24.0,5.0,50.0,1.85,39.0,0.0,1.0,5.0,4.0,1.0,412.0,247.0,179.0,180.0,53.0,201.0,448.0,44.9,247.0,312.0,94.0,218.0,201.0,613.0,467.0,6.0,51.0,17240.0,1696.0,5405.0,8394.0,3608.0,523.0,17236.0,454.0,199.0,43.8,207.0,45.6,9141.0,50533.0,26476.0,522.0,354.0,100.0,366.0,178.0,11910.0,1017.0,71.0,5.0,2.0,319.0,313.0,44.0,432.0,201.0,247.0,3.0,3.0,0.0,1290.0,259.0,309.0,45.6,21.0,28.9,27.0,2430.0,90.0,100.0,27.0,297.0,80.0,166.0,128.0,24.0,194.0,1.48,32.0,29.0,3.0,0.11,31.1,30.3,0.8,0.03
11,2023-2024,Serie-A,Lecce,26.0,25.6,44.1,27.0,297.0,2430.0,27.0,24.0,17.0,41.0,21.0,3.0,5.0,70.0,4.0,28.8,24.9,19.4,44.3,451.0,848.0,0.89,0.63,1.52,0.78,1.41,1.07,0.72,1.78,0.92,1.64,27.0,27.0,2430.0,44.0,1.63,129.0,85.0,69.0,5.0,10.0,12.0,2.0,7.4,5.0,4.0,1.0,0.0,20.0,44.0,4.0,1.0,4.0,1.0,42.1,0.29,-0.9,-0.03,100.0,318.0,31.4,543.0,121.0,45.1,33.8,242.0,30.2,27.1,371.0,13.0,3.5,14.0,0.52,11.5,24.0,347.0,101.0,29.1,12.85,3.74,0.06,0.21,19.7,8.0,3.0,5.0,28.8,24.9,0.07,-4.8,-3.9,8282.0,10835.0,76.4,154611.0,56795.0,3345.0,3916.0,85.4,3662.0,4316.0,84.8,1046.0,1989.0,52.6,17.0,19.4,14.9,-2.4,261.0,658.0,149.0,65.0,848.0,10835.0,9435.0,1358.0,377.0,21.0,73.0,449.0,552.0,116.0,44.0,35.0,0.0,8282.0,42.0,200.0,608.0,22.52,415.0,59.0,42.0,47.0,28.0,17.0,38.0,1.41,23.0,3.0,2.0,3.0,4.0,3.0,442.0,271.0,208.0,182.0,52.0,210.0,403.0,52.1,193.0,316.0,82.0,234.0,240.0,682.0,529.0,7.0,44.1,13921.0,1680.0,4734.0,6311.0,3053.0,462.0,13916.0,473.0,210.0,44.4,208.0,44.0,7648.0,45415.0,23231.0,451.0,305.0,113.0,449.0,276.0,8190.0,838.0,70.0,4.0,2.0,359.0,350.0,42.0,449.0,240.0,271.0,4.0,5.0,1.0,1308.0,355.0,416.0,46.0,26.0,25.6,27.0,2430.0,90.0,100.0,27.0,297.0,81.0,164.0,130.0,21.0,221.0,0.93,25.0,44.0,-19.0,-0.7,28.8,41.5,-12.7,-0.47
12,2023-2024,Serie-A,Milan,33.0,27.3,55.9,27.0,297.0,2430.0,27.0,51.0,39.0,90.0,46.0,5.0,7.0,65.0,6.0,41.8,36.4,28.4,64.8,622.0,1068.0,1.89,1.44,3.33,1.7,3.15,1.55,1.05,2.6,1.35,2.4,27.0,27.0,2429.0,32.0,1.19,109.0,77.0,77.1,17.0,5.0,5.0,10.0,37.0,7.0,7.0,0.0,0.0,0.0,32.0,7.0,2.0,2.0,0.0,28.6,0.2,-3.4,-0.13,113.0,269.0,42.0,900.0,166.0,24.3,34.4,203.0,24.6,27.4,321.0,32.0,10.0,34.0,1.26,5.5,51.0,363.0,130.0,35.8,13.44,4.81,0.13,0.35,17.1,5.0,5.0,7.0,41.8,36.4,0.1,9.2,9.6,12335.0,14566.0,84.7,212288.0,71464.0,5511.0,6093.0,90.4,5507.0,6085.0,90.5,1008.0,1678.0,60.1,39.0,28.4,27.2,10.6,280.0,843.0,221.0,67.0,1068.0,14566.0,13372.0,1155.0,329.0,27.0,68.0,459.0,447.0,117.0,44.0,43.0,0.0,12335.0,39.0,211.0,665.0,24.63,494.0,51.0,45.0,44.0,23.0,8.0,95.0,3.52,72.0,3.0,10.0,6.0,3.0,1.0,408.0,237.0,202.0,156.0,50.0,195.0,382.0,51.0,187.0,279.0,112.0,167.0,185.0,593.0,409.0,12.0,55.9,17283.0,1735.0,5476.0,8160.0,3793.0,602.0,17276.0,523.0,245.0,46.8,213.0,40.7,10887.0,62888.0,33494.0,622.0,440.0,145.0,385.0,208.0,12188.0,1061.0,65.0,6.0,2.0,312.0,299.0,39.0,459.0,185.0,237.0,5.0,7.0,0.0,1164.0,292.0,288.0,50.3,33.0,27.3,27.0,2430.0,90.0,100.0,27.0,297.0,80.0,169.0,124.0,22.0,188.0,2.07,51.0,32.0,19.0,0.7,41.8,33.1,8.7,0.32
13,2023-2024,Serie-A,Monza,30.0,27.4,54.4,27.0,297.0,2430.0,27.0,27.0,22.0,49.0,24.0,3.0,4.0,63.0,3.0,28.9,26.2,20.7,46.9,535.0,947.0,1.0,0.81,1.81,0.89,1.7,1.07,0.77,1.84,0.97,1.74,27.0,27.0,2430.0,34.0,1.26,132.0,97.0,78.8,9.0,9.0,9.0,10.0,37.0,7.0,6.0,1.0,0.0,14.3,34.0,6.0,1.0,4.0,0.0,39.0,0.25,5.0,0.19,117.0,311.0,37.6,821.0,167.0,27.4,29.8,220.0,39.1,36.4,361.0,17.0,4.7,15.0,0.56,11.9,27.0,333.0,94.0,28.2,12.33,3.48,0.07,0.26,18.1,10.0,3.0,4.0,28.9,26.2,0.08,-1.9,-2.2,12261.0,14520.0,84.4,225071.0,69496.0,5030.0,5514.0,91.2,5791.0,6406.0,90.4,1254.0,2021.0,62.0,22.0,20.7,20.4,1.3,261.0,803.0,188.0,59.0,947.0,14520.0,13321.0,1166.0,325.0,18.0,97.0,440.0,417.0,143.0,26.0,93.0,0.0,12261.0,33.0,227.0,592.0,21.93,452.0,54.0,18.0,37.0,22.0,9.0,49.0,1.81,37.0,3.0,4.0,2.0,3.0,0.0,420.0,242.0,223.0,152.0,45.0,194.0,344.0,56.4,150.0,272.0,108.0,164.0,204.0,624.0,432.0,4.0,54.4,17158.0,1975.0,5870.0,7760.0,3668.0,542.0,17154.0,326.0,138.0,42.3,147.0,45.1,10834.0,58898.0,30066.0,535.0,412.0,134.0,376.0,184.0,12139.0,937.0,63.0,3.0,2.0,322.0,290.0,33.0,440.0,204.0,242.0,2.0,7.0,0.0,1089.0,284.0,331.0,46.2,30.0,27.4,27.0,2430.0,90.0,100.0,27.0,297.0,79.0,161.0,134.0,25.0,251.0,1.33,28.0,34.0,-6.0,-0.22,28.9,38.7,-9.8,-0.36
14,2023-2024,Serie-A,Napoli,29.0,27.8,61.5,27.0,297.0,2430.0,27.0,41.0,28.0,69.0,36.0,5.0,8.0,60.0,4.0,44.0,37.6,30.6,68.2,563.0,1260.0,1.52,1.04,2.56,1.33,2.37,1.63,1.13,2.76,1.39,2.53,27.0,27.0,2430.0,31.0,1.15,90.0,58.0,66.7,12.0,7.0,8.0,6.0,22.2,2.0,1.0,1.0,0.0,50.0,31.0,1.0,0.0,3.0,0.0,31.5,0.33,0.5,0.02,64.0,183.0,35.0,701.0,104.0,19.7,29.5,159.0,28.3,30.5,316.0,9.0,2.8,33.0,1.22,16.2,41.0,446.0,138.0,30.9,16.52,5.11,0.08,0.26,17.7,15.0,5.0,8.0,44.0,37.6,0.09,-3.0,-1.6,14126.0,16564.0,85.3,241347.0,77295.0,6645.0,7214.0,92.1,5805.0,6524.0,89.0,1308.0,2051.0,63.8,28.0,30.6,27.5,-2.6,349.0,1068.0,286.0,54.0,1260.0,16564.0,15218.0,1293.0,360.0,28.0,181.0,519.0,554.0,163.0,49.0,70.0,2.0,14126.0,53.0,217.0,803.0,29.74,593.0,61.0,47.0,53.0,38.0,11.0,67.0,2.48,47.0,2.0,6.0,3.0,7.0,2.0,408.0,233.0,177.0,163.0,68.0,192.0,414.0,46.4,222.0,233.0,60.0,173.0,169.0,577.0,396.0,2.0,61.5,19277.0,1488.0,5216.0,9277.0,4952.0,743.0,19269.0,528.0,231.0,43.8,244.0,46.2,11505.0,60864.0,30060.0,563.0,454.0,140.0,357.0,216.0,14005.0,1251.0,60.0,4.0,2.0,269.0,311.0,53.0,519.0,169.0,233.0,6.0,2.0,0.0,1287.0,335.0,338.0,49.8,29.0,27.8,27.0,2430.0,90.0,100.0,27.0,297.0,81.0,166.0,128.0,20.0,183.0,1.59,42.0,31.0,11.0,0.41,44.0,26.5,17.5,0.65
15,2023-2024,Serie-A,Roma,28.0,28.7,53.8,27.0,297.0,2430.0,27.0,51.0,36.0,87.0,42.0,9.0,10.0,69.0,2.0,38.0,30.5,25.3,55.8,470.0,984.0,1.89,1.33,3.22,1.56,2.89,1.41,0.94,2.35,1.13,2.07,27.0,27.0,2430.0,33.0,1.22,97.0,67.0,68.0,14.0,5.0,8.0,7.0,25.9,3.0,2.0,0.0,1.0,0.0,33.0,2.0,0.0,3.0,3.0,27.3,0.26,-2.7,-0.1,100.0,232.0,43.1,580.0,110.0,29.1,31.0,194.0,32.5,29.7,365.0,21.0,5.8,10.0,0.37,11.7,51.0,314.0,98.0,31.2,11.63,3.63,0.13,0.43,17.6,13.0,9.0,10.0,38.0,30.5,0.1,13.0,11.5,11874.0,14335.0,82.8,205531.0,68904.0,5406.0,5967.0,90.6,5151.0,5844.0,88.1,1050.0,1833.0,57.3,36.0,25.3,22.7,10.7,245.0,813.0,206.0,50.0,984.0,14335.0,13121.0,1161.0,330.0,29.0,78.0,442.0,462.0,115.0,54.0,50.0,0.0,11874.0,53.0,224.0,588.0,21.78,421.0,55.0,29.0,42.0,36.0,5.0,89.0,3.3,54.0,6.0,9.0,11.0,9.0,0.0,401.0,236.0,186.0,162.0,53.0,176.0,381.0,46.2,205.0,256.0,84.0,172.0,167.0,568.0,425.0,8.0,53.8,16726.0,1677.0,5300.0,8037.0,3512.0,548.0,16716.0,340.0,151.0,44.4,155.0,45.6,10014.0,51300.0,26201.0,470.0,363.0,118.0,303.0,191.0,11794.0,979.0,69.0,2.0,1.0,340.0,305.0,53.0,442.0,167.0,236.0,5.0,3.0,3.0,1188.0,348.0,310.0,52.9,28.0,28.7,27.0,2430.0,90.0,100.0,27.0,297.0,81.0,180.0,117.0,22.0,196.0,1.74,52.0,33.0,19.0,0.7,38.0,25.3,12.8,0.47
16,2023-2024,Serie-A,Salernitana,36.0,28.1,44.0,27.0,297.0,2430.0,27.0,21.0,18.0,39.0,20.0,1.0,1.0,63.0,3.0,20.7,19.9,16.0,35.9,363.0,769.0,0.78,0.67,1.44,0.74,1.41,0.77,0.59,1.36,0.74,1.33,27.0,27.0,2430.0,54.0,2.0,145.0,92.0,69.0,2.0,8.0,17.0,2.0,7.4,9.0,9.0,0.0,0.0,0.0,54.0,9.0,0.0,4.0,1.0,46.2,0.26,-6.8,-0.25,115.0,431.0,26.7,614.0,96.0,47.1,37.0,234.0,60.7,45.2,461.0,9.0,2.0,13.0,0.48,13.1,21.0,284.0,83.0,29.2,10.52,3.07,0.07,0.24,19.1,6.0,1.0,1.0,20.7,19.9,0.07,0.3,0.1,8366.0,11017.0,75.9,143509.0,54029.0,3961.0,4533.0,87.4,3296.0,4024.0,81.9,821.0,1743.0,47.1,18.0,16.0,12.8,2.0,223.0,620.0,159.0,54.0,769.0,11017.0,9619.0,1350.0,388.0,20.0,81.0,418.0,535.0,113.0,20.0,43.0,0.0,8366.0,48.0,249.0,502.0,18.59,378.0,50.0,11.0,33.0,22.0,8.0,37.0,1.37,28.0,3.0,2.0,3.0,1.0,0.0,374.0,232.0,202.0,133.0,39.0,184.0,367.0,50.1,183.0,279.0,108.0,171.0,200.0,574.0,576.0,9.0,44.0,13844.0,1706.0,4745.0,6143.0,3110.0,408.0,13843.0,400.0,155.0,38.8,207.0,51.8,7208.0,39142.0,18691.0,363.0,287.0,81.0,397.0,223.0,8293.0,770.0,63.0,3.0,1.0,327.0,331.0,48.0,418.0,200.0,232.0,0.0,9.0,1.0,1198.0,351.0,473.0,42.6,36.0,28.1,27.0,2430.0,90.0,100.0,27.0,297.0,80.0,168.0,128.0,24.0,192.0,0.52,21.0,54.0,-33.0,-1.22,20.7,51.3,-30.5,-1.13
17,2023-2024,Serie-A,Sassuolo,30.0,27.0,44.9,27.0,297.0,2430.0,27.0,31.0,20.0,51.0,25.0,6.0,7.0,49.0,3.0,29.8,24.5,19.6,44.1,476.0,944.0,1.15,0.74,1.89,0.93,1.67,1.1,0.72,1.83,0.91,1.63,27.0,27.0,2430.0,55.0,2.04,129.0,76.0,62.0,5.0,5.0,17.0,1.0,3.7,8.0,6.0,1.0,1.0,14.3,55.0,6.0,1.0,5.0,3.0,41.4,0.27,-10.6,-0.39,124.0,383.0,32.4,720.0,114.0,42.8,41.2,251.0,29.9,29.0,416.0,17.0,4.1,25.0,0.93,28.9,31.0,346.0,110.0,31.8,12.81,4.07,0.07,0.23,19.6,14.0,6.0,7.0,29.8,24.5,0.07,1.2,0.5,8895.0,11489.0,77.4,164276.0,60207.0,3716.0,4286.0,86.7,3942.0,4632.0,85.1,1017.0,1970.0,51.6,20.0,19.6,18.9,0.4,260.0,728.0,168.0,42.0,944.0,11489.0,10071.0,1397.0,366.0,21.0,101.0,484.0,553.0,145.0,81.0,30.0,1.0,8895.0,21.0,212.0,627.0,23.22,473.0,45.0,35.0,38.0,27.0,9.0,53.0,1.96,34.0,4.0,1.0,7.0,6.0,1.0,350.0,210.0,167.0,138.0,45.0,168.0,361.0,46.5,193.0,294.0,105.0,189.0,179.0,529.0,526.0,11.0,44.9,14226.0,1716.0,4664.0,6170.0,3541.0,506.0,14219.0,410.0,196.0,47.8,175.0,42.7,7712.0,45787.0,23466.0,476.0,345.0,111.0,390.0,244.0,8811.0,938.0,49.0,3.0,1.0,267.0,286.0,21.0,484.0,179.0,210.0,5.0,8.0,3.0,1166.0,290.0,400.0,42.0,30.0,27.0,27.0,2430.0,90.0,100.0,27.0,297.0,81.0,168.0,126.0,20.0,194.0,0.74,32.0,55.0,-23.0,-0.85,29.8,44.1,-14.3,-0.53
18,2023-2024,Serie-A,Torino,28.0,27.0,51.9,27.0,297.0,2430.0,27.0,24.0,20.0,44.0,23.0,1.0,1.0,59.0,1.0,27.4,26.6,22.1,48.7,540.0,992.0,0.89,0.74,1.63,0.85,1.59,1.02,0.82,1.83,0.99,1.8,27.0,27.0,2430.0,25.0,0.93,101.0,76.0,79.2,9.0,10.0,8.0,13.0,48.1,4.0,4.0,0.0,0.0,0.0,25.0,4.0,0.0,4.0,0.0,24.6,0.21,-0.4,-0.01,175.0,553.0,31.6,949.0,127.0,43.8,37.8,178.0,77.0,60.1,299.0,30.0,10.0,32.0,1.19,14.0,24.0,306.0,88.0,28.8,11.33,3.26,0.08,0.26,17.0,10.0,1.0,1.0,27.4,26.6,0.09,-3.4,-3.6,10307.0,12997.0,79.3,180878.0,63573.0,4576.0,5195.0,88.1,4491.0,5235.0,85.8,947.0,1851.0,51.2,20.0,22.1,21.9,-2.1,233.0,757.0,202.0,67.0,992.0,12997.0,11786.0,1158.0,303.0,11.0,70.0,541.0,504.0,121.0,94.0,20.0,1.0,10307.0,53.0,217.0,532.0,19.7,385.0,55.0,26.0,30.0,27.0,9.0,43.0,1.59,30.0,3.0,3.0,3.0,2.0,2.0,329.0,209.0,133.0,164.0,32.0,122.0,261.0,46.7,139.0,213.0,68.0,145.0,232.0,561.0,413.0,9.0,51.9,15638.0,1600.0,4828.0,7301.0,3666.0,507.0,15637.0,414.0,181.0,43.7,178.0,43.0,9246.0,50916.0,24626.0,540.0,357.0,102.0,404.0,190.0,10156.0,977.0,59.0,1.0,1.0,329.0,285.0,53.0,541.0,232.0,209.0,1.0,4.0,0.0,1294.0,429.0,436.0,49.6,28.0,27.0,27.0,2430.0,90.0,100.0,27.0,297.0,82.0,178.0,119.0,20.0,192.0,1.37,25.0,25.0,0.0,0.0,27.4,24.8,2.6,0.1
19,2023-2024,Serie-A,Udinese,32.0,26.4,40.3,27.0,297.0,2430.0,27.0,25.0,17.0,42.0,23.0,2.0,3.0,66.0,4.0,28.7,26.8,20.7,47.5,463.0,775.0,0.93,0.63,1.56,0.85,1.48,1.06,0.77,1.83,0.99,1.76,27.0,27.0,2430.0,41.0,1.52,110.0,69.0,69.1,3.0,15.0,9.0,7.0,25.9,7.0,7.0,0.0,0.0,0.0,41.0,7.0,1.0,3.0,0.0,37.8,0.28,-3.2,-0.12,97.0,277.0,35.0,447.0,89.0,42.3,39.8,198.0,44.4,37.0,436.0,10.0,2.3,8.0,0.3,8.0,25.0,335.0,106.0,31.6,12.41,3.93,0.07,0.22,18.7,16.0,2.0,3.0,28.7,26.8,0.08,-3.7,-3.8,7429.0,9764.0,76.1,135340.0,54997.0,3249.0,3797.0,85.6,3073.0,3734.0,82.3,889.0,1675.0,53.1,17.0,20.7,18.4,-3.7,247.0,633.0,146.0,62.0,775.0,9764.0,8538.0,1190.0,331.0,20.0,91.0,409.0,473.0,120.0,41.0,56.0,1.0,7429.0,36.0,189.0,595.0,22.04,398.0,64.0,42.0,42.0,36.0,13.0,45.0,1.67,27.0,3.0,6.0,5.0,4.0,0.0,417.0,271.0,241.0,143.0,33.0,207.0,390.0,53.1,183.0,285.0,78.0,207.0,250.0,667.0,657.0,7.0,40.3,12961.0,1598.0,4622.0,5648.0,2904.0,439.0,12958.0,553.0,261.0,47.2,239.0,43.2,7074.0,41593.0,21556.0,463.0,326.0,105.0,480.0,246.0,7351.0,768.0,66.0,4.0,2.0,350.0,300.0,36.0,409.0,250.0,271.0,3.0,7.0,0.0,1313.0,388.0,310.0,55.6,32.0,26.4,27.0,2430.0,90.0,100.0,27.0,297.0,81.0,169.0,125.0,20.0,241.0,0.89,26.0,41.0,-15.0,-0.56,28.7,35.6,-6.8,-0.25
0,2023-2024,Ligue-1,Brest,23.0,27.6,52.9,24.0,264.0,2160.0,24.0,34.0,22.0,56.0,30.0,4.0,4.0,58.0,3.0,35.0,31.9,24.4,56.3,430.0,932.0,1.42,0.92,2.33,1.25,2.17,1.46,1.02,2.47,1.33,2.34,24.0,24.0,2157.0,18.0,0.75,90.0,71.0,81.1,13.0,7.0,4.0,12.0,50.0,2.0,1.0,1.0,0.0,50.0,18.0,1.0,0.0,2.0,0.0,23.7,0.25,5.7,0.24,178.0,391.0,45.5,702.0,96.0,41.2,35.9,143.0,71.3,49.7,280.0,15.0,5.4,33.0,1.38,16.2,34.0,340.0,119.0,35.0,14.17,4.96,0.09,0.25,17.6,9.0,4.0,4.0,35.0,31.9,0.1,-1.0,-1.9,9694.0,12308.0,78.8,189494.0,66923.0,3728.0,4383.0,85.1,4174.0,4871.0,85.7,1478.0,2429.0,60.8,22.0,24.4,24.5,-2.4,252.0,768.0,193.0,77.0,932.0,12308.0,11119.0,1165.0,346.0,24.0,123.0,566.0,528.0,106.0,50.0,51.0,0.0,9694.0,24.0,240.0,591.0,24.62,414.0,50.0,33.0,44.0,33.0,17.0,56.0,2.33,38.0,4.0,3.0,8.0,3.0,0.0,491.0,303.0,210.0,217.0,64.0,228.0,515.0,44.3,287.0,276.0,69.0,207.0,230.0,721.0,452.0,9.0,52.9,15189.0,1507.0,4719.0,6987.0,3681.0,514.0,15185.0,529.0,248.0,46.9,247.0,46.7,10566.0,61418.0,27008.0,430.0,369.0,83.0,393.0,199.0,9608.0,922.0,58.0,3.0,1.0,300.0,302.0,24.0,566.0,230.0,303.0,2.0,2.0,0.0,1405.0,421.0,354.0,54.3,23.0,27.6,24.0,2160.0,90.0,100.0,24.0,264.0,83.0,149.0,113.0,17.0,99.0,1.92,35.0,18.0,17.0,0.71,35.0,25.5,9.5,0.4
1,2023-2024,Ligue-1,Clermont Foot,27.0,27.7,49.1,24.0,264.0,2160.0,24.0,17.0,13.0,30.0,15.0,2.0,4.0,41.0,6.0,24.6,21.4,16.9,38.3,391.0,858.0,0.71,0.54,1.25,0.62,1.17,1.02,0.7,1.73,0.89,1.6,24.0,24.0,2160.0,41.0,1.71,160.0,119.0,76.3,3.0,8.0,13.0,5.0,20.8,5.0,3.0,1.0,1.0,25.0,41.0,3.0,0.0,5.0,1.0,43.2,0.26,3.2,0.13,166.0,453.0,36.6,830.0,107.0,44.6,37.0,196.0,42.3,35.0,349.0,33.0,9.5,39.0,1.63,15.2,17.0,276.0,87.0,31.5,11.5,3.62,0.05,0.17,18.9,8.0,2.0,4.0,24.6,21.4,0.08,-7.6,-6.4,9622.0,12046.0,79.9,172514.0,60957.0,4137.0,4746.0,87.2,4087.0,4742.0,86.2,1045.0,1936.0,54.0,13.0,16.9,17.1,-3.9,205.0,695.0,146.0,40.0,858.0,12046.0,10925.0,1091.0,319.0,34.0,59.0,390.0,408.0,102.0,51.0,34.0,1.0,9622.0,30.0,210.0,474.0,19.75,347.0,42.0,21.0,32.0,28.0,4.0,33.0,1.37,25.0,3.0,0.0,3.0,2.0,0.0,415.0,259.0,199.0,173.0,43.0,229.0,465.0,49.2,236.0,273.0,83.0,190.0,249.0,664.0,424.0,13.0,49.1,14727.0,1694.0,4916.0,7188.0,2768.0,411.0,14723.0,419.0,181.0,43.2,213.0,50.8,10478.0,62180.0,28129.0,391.0,355.0,86.0,376.0,187.0,9542.0,851.0,41.0,6.0,1.0,285.0,296.0,30.0,390.0,249.0,259.0,4.0,5.0,1.0,1262.0,288.0,291.0,49.7,27.0,27.7,24.0,2160.0,90.0,100.0,24.0,264.0,82.0,147.0,113.0,17.0,103.0,0.71,17.0,41.0,-24.0,-1.0,24.6,43.8,-19.2,-0.8
2,2023-2024,Ligue-1,Le Havre,26.0,26.7,44.1,24.0,264.0,2160.0,24.0,23.0,17.0,40.0,20.0,3.0,4.0,44.0,5.0,25.2,22.1,17.8,39.9,304.0,842.0,0.96,0.71,1.67,0.83,1.54,1.05,0.74,1.79,0.92,1.66,24.0,24.0,2160.0,31.0,1.29,116.0,86.0,74.1,5.0,9.0,10.0,6.0,25.0,3.0,1.0,1.0,1.0,50.0,31.0,1.0,0.0,3.0,2.0,36.7,0.31,7.7,0.32,105.0,295.0,35.6,478.0,102.0,42.3,33.1,183.0,50.8,39.2,334.0,18.0,5.4,18.0,0.75,14.5,23.0,261.0,77.0,29.5,10.87,3.21,0.08,0.26,18.4,7.0,3.0,4.0,25.2,22.1,0.09,-2.2,-2.1,8412.0,10772.0,78.1,148920.0,55275.0,3573.0,4213.0,84.8,3707.0,4326.0,85.7,808.0,1597.0,50.6,17.0,17.8,16.9,-0.8,196.0,659.0,141.0,41.0,842.0,10772.0,9642.0,1090.0,297.0,22.0,39.0,381.0,467.0,89.0,38.0,41.0,0.0,8412.0,40.0,226.0,475.0,19.79,332.0,46.0,30.0,29.0,29.0,9.0,43.0,1.79,24.0,3.0,7.0,4.0,5.0,0.0,389.0,228.0,195.0,151.0,43.0,186.0,413.0,45.0,227.0,268.0,94.0,174.0,253.0,642.0,471.0,5.0,44.1,13431.0,1491.0,4542.0,6065.0,2960.0,428.0,13427.0,420.0,182.0,43.3,206.0,49.0,9229.0,49942.0,22263.0,304.0,317.0,84.0,310.0,218.0,8339.0,837.0,44.0,5.0,2.0,327.0,246.0,40.0,381.0,253.0,228.0,4.0,3.0,2.0,1190.0,337.0,320.0,51.3,26.0,26.7,24.0,2160.0,90.0,100.0,24.0,264.0,82.0,146.0,115.0,18.0,101.0,1.0,24.0,31.0,-7.0,-0.29,25.2,37.5,-12.3,-0.51
3,2023-2024,Ligue-1,Lens,26.0,27.2,52.5,24.0,264.0,2160.0,24.0,33.0,21.0,54.0,29.0,4.0,5.0,57.0,4.0,37.8,34.2,26.1,60.3,435.0,1153.0,1.37,0.87,2.25,1.21,2.08,1.58,1.09,2.66,1.42,2.51,24.0,24.0,2160.0,24.0,1.0,98.0,74.0,79.6,11.0,6.0,7.0,11.0,45.8,6.0,4.0,1.0,1.0,20.0,24.0,4.0,0.0,6.0,1.0,32.4,0.29,9.4,0.39,119.0,269.0,44.2,656.0,106.0,34.5,31.9,159.0,27.0,26.3,280.0,26.0,9.3,17.0,0.71,13.2,33.0,330.0,119.0,36.1,13.75,4.96,0.09,0.24,16.6,12.0,4.0,5.0,37.8,34.2,0.11,-4.8,-5.2,10372.0,12723.0,81.5,175792.0,64544.0,4730.0,5410.0,87.4,4320.0,4982.0,86.7,894.0,1538.0,58.1,21.0,26.1,28.9,-5.1,250.0,912.0,237.0,62.0,1153.0,12723.0,11551.0,1122.0,327.0,35.0,53.0,486.0,463.0,125.0,44.0,65.0,0.0,10372.0,50.0,247.0,585.0,24.37,443.0,48.0,24.0,39.0,24.0,7.0,55.0,2.29,38.0,5.0,3.0,7.0,2.0,0.0,369.0,214.0,145.0,178.0,46.0,187.0,393.0,47.6,206.0,279.0,75.0,204.0,203.0,572.0,366.0,8.0,52.5,15206.0,1385.0,4101.0,7261.0,3996.0,566.0,15201.0,332.0,156.0,47.0,149.0,44.9,11218.0,63624.0,29507.0,435.0,448.0,79.0,374.0,220.0,10263.0,1144.0,57.0,4.0,1.0,313.0,305.0,50.0,486.0,203.0,214.0,3.0,6.0,1.0,1263.0,260.0,247.0,51.3,26.0,27.2,24.0,2160.0,90.0,100.0,24.0,264.0,81.0,144.0,118.0,20.0,97.0,1.63,33.0,24.0,9.0,0.37,37.8,33.8,4.0,0.17
4,2023-2024,Ligue-1,Lille,27.0,25.8,56.9,24.0,264.0,2160.0,24.0,32.0,19.0,51.0,31.0,1.0,2.0,44.0,2.0,35.6,34.0,25.3,59.2,473.0,1047.0,1.33,0.79,2.12,1.29,2.08,1.48,1.05,2.54,1.42,2.47,24.0,24.0,2160.0,20.0,0.83,86.0,66.0,79.1,11.0,8.0,5.0,14.0,58.3,4.0,2.0,2.0,0.0,50.0,20.0,2.0,0.0,2.0,2.0,25.1,0.25,7.1,0.3,54.0,216.0,25.0,716.0,83.0,25.4,28.7,128.0,26.6,28.3,265.0,13.0,4.9,21.0,0.88,13.6,32.0,319.0,117.0,36.7,13.29,4.87,0.1,0.26,17.3,17.0,1.0,2.0,35.6,34.0,0.11,-3.6,-3.0,11629.0,13788.0,84.3,197537.0,63166.0,5279.0,5890.0,89.6,5029.0,5647.0,89.1,931.0,1563.0,59.6,19.0,25.3,28.0,-6.3,236.0,826.0,202.0,39.0,1047.0,13788.0,12599.0,1155.0,413.0,31.0,76.0,384.0,435.0,135.0,59.0,35.0,0.0,11629.0,34.0,204.0,557.0,23.21,382.0,48.0,43.0,36.0,35.0,13.0,52.0,2.17,30.0,5.0,6.0,7.0,4.0,0.0,443.0,287.0,192.0,184.0,67.0,204.0,423.0,48.2,219.0,230.0,53.0,177.0,217.0,660.0,405.0,8.0,56.9,16341.0,1409.0,4713.0,8255.0,3509.0,531.0,16339.0,508.0,253.0,49.8,218.0,42.9,12402.0,67281.0,31490.0,473.0,390.0,134.0,339.0,217.0,11497.0,1035.0,44.0,2.0,1.0,259.0,347.0,34.0,384.0,217.0,287.0,2.0,4.0,2.0,1235.0,233.0,229.0,50.4,27.0,25.8,24.0,2160.0,90.0,100.0,24.0,264.0,84.0,172.0,90.0,16.0,125.0,1.71,34.0,20.0,14.0,0.58,35.6,24.6,11.0,0.46
5,2023-2024,Ligue-1,Lorient,39.0,25.5,45.4,24.0,264.0,2160.0,24.0,32.0,21.0,53.0,32.0,0.0,0.0,45.0,0.0,24.4,24.4,18.3,42.7,403.0,826.0,1.33,0.87,2.21,1.33,2.21,1.02,0.76,1.78,1.02,1.78,24.0,24.0,2160.0,45.0,1.87,151.0,106.0,74.2,6.0,7.0,11.0,3.0,12.5,6.0,6.0,0.0,0.0,0.0,45.0,6.0,1.0,6.0,0.0,43.3,0.25,-1.7,-0.07,95.0,266.0,35.7,619.0,123.0,30.5,31.7,206.0,37.4,31.8,440.0,20.0,4.5,8.0,0.33,8.2,32.0,227.0,88.0,38.8,9.46,3.67,0.14,0.36,16.6,5.0,0.0,0.0,24.4,24.4,0.1,7.6,7.6,9284.0,11318.0,82.0,162326.0,58468.0,4031.0,4577.0,88.1,4042.0,4604.0,87.8,879.0,1546.0,56.9,21.0,18.3,16.7,2.7,166.0,658.0,147.0,30.0,826.0,11318.0,10250.0,1035.0,331.0,21.0,56.0,348.0,360.0,80.0,32.0,27.0,0.0,9284.0,33.0,185.0,383.0,15.96,271.0,35.0,23.0,23.0,22.0,9.0,49.0,2.04,36.0,1.0,2.0,8.0,1.0,1.0,387.0,237.0,219.0,128.0,40.0,179.0,385.0,46.5,206.0,281.0,102.0,179.0,247.0,634.0,596.0,7.0,45.4,14023.0,1823.0,5158.0,6362.0,2663.0,345.0,14023.0,468.0,238.0,50.9,201.0,42.9,10109.0,59610.0,27491.0,403.0,321.0,71.0,343.0,197.0,9136.0,787.0,45.0,0.0,0.0,288.0,304.0,34.0,348.0,247.0,237.0,0.0,6.0,0.0,1175.0,275.0,256.0,51.8,39.0,25.5,24.0,2160.0,90.0,100.0,24.0,264.0,81.0,164.0,100.0,23.0,116.0,1.04,33.0,45.0,-12.0,-0.5,24.4,35.7,-11.3,-0.47
6,2023-2024,Ligue-1,Lyon,35.0,27.2,51.4,24.0,264.0,2160.0,24.0,24.0,13.0,37.0,22.0,2.0,2.0,41.0,5.0,31.2,29.7,22.8,52.6,452.0,1085.0,1.0,0.54,1.54,0.92,1.46,1.3,0.95,2.25,1.24,2.19,24.0,24.0,2160.0,38.0,1.58,121.0,82.0,71.1,8.0,4.0,12.0,8.0,33.3,4.0,3.0,1.0,0.0,25.0,38.0,3.0,1.0,4.0,0.0,35.9,0.27,-2.1,-0.09,99.0,289.0,34.3,615.0,113.0,36.3,33.6,181.0,36.5,32.1,319.0,22.0,6.9,23.0,0.96,13.5,24.0,296.0,112.0,37.8,12.33,4.67,0.07,0.2,16.9,15.0,2.0,2.0,31.2,29.7,0.11,-7.2,-7.7,10335.0,12614.0,81.9,178945.0,63351.0,4575.0,5231.0,87.5,4454.0,5053.0,88.1,945.0,1660.0,56.9,13.0,22.8,27.5,-9.8,221.0,813.0,207.0,41.0,1085.0,12614.0,11514.0,1069.0,302.0,35.0,69.0,373.0,417.0,108.0,39.0,34.0,0.0,10335.0,31.0,234.0,507.0,21.12,348.0,50.0,28.0,43.0,30.0,8.0,38.0,1.58,24.0,1.0,2.0,9.0,2.0,0.0,389.0,234.0,167.0,153.0,69.0,169.0,400.0,42.3,231.0,240.0,80.0,160.0,215.0,604.0,392.0,9.0,51.4,15214.0,1523.0,4713.0,6981.0,3694.0,566.0,15212.0,540.0,257.0,47.6,244.0,45.2,11218.0,62955.0,28884.0,452.0,383.0,130.0,361.0,244.0,10226.0,1069.0,41.0,5.0,0.0,315.0,263.0,31.0,373.0,215.0,234.0,2.0,4.0,0.0,1262.0,272.0,277.0,49.5,35.0,27.2,24.0,2160.0,90.0,100.0,24.0,264.0,81.0,160.0,99.0,23.0,116.0,1.17,25.0,38.0,-13.0,-0.54,31.2,38.2,-7.0,-0.29
7,2023-2024,Ligue-1,Marseille,31.0,28.0,54.1,24.0,264.0,2160.0,24.0,36.0,27.0,63.0,34.0,2.0,2.0,40.0,4.0,39.4,37.9,31.4,69.3,464.0,1174.0,1.5,1.13,2.62,1.42,2.54,1.64,1.31,2.95,1.58,2.89,24.0,24.0,2160.0,26.0,1.08,91.0,65.0,71.4,9.0,9.0,6.0,6.0,25.0,0.0,0.0,0.0,0.0,0.0,26.0,0.0,1.0,6.0,0.0,22.0,0.25,-4.0,-0.17,68.0,218.0,31.2,707.0,85.0,26.2,28.9,152.0,21.7,25.3,304.0,13.0,4.3,19.0,0.79,14.3,36.0,333.0,107.0,32.1,13.87,4.46,0.1,0.32,16.6,13.0,2.0,2.0,39.4,37.9,0.12,-3.4,-3.9,10619.0,12929.0,82.1,185856.0,63265.0,4506.0,5099.0,88.4,4865.0,5557.0,87.5,888.0,1592.0,55.8,27.0,31.4,30.4,-4.4,252.0,943.0,235.0,61.0,1174.0,12929.0,11780.0,1101.0,328.0,37.0,41.0,508.0,435.0,138.0,30.0,87.0,0.0,10619.0,48.0,229.0,593.0,24.71,443.0,43.0,37.0,33.0,32.0,5.0,64.0,2.67,48.0,2.0,2.0,9.0,3.0,0.0,414.0,254.0,183.0,186.0,45.0,204.0,411.0,49.6,207.0,258.0,71.0,187.0,235.0,649.0,482.0,4.0,54.1,15569.0,1361.0,4332.0,7298.0,4076.0,587.0,15567.0,400.0,198.0,49.5,170.0,42.5,11468.0,66024.0,30761.0,464.0,438.0,119.0,362.0,219.0,10508.0,1171.0,40.0,4.0,1.0,263.0,315.0,48.0,508.0,235.0,254.0,2.0,0.0,0.0,1267.0,267.0,268.0,49.9,31.0,28.0,24.0,2160.0,90.0,100.0,24.0,264.0,83.0,169.0,92.0,20.0,124.0,1.5,38.0,26.0,12.0,0.5,39.4,21.6,17.8,0.74
8,2023-2024,Ligue-1,Metz,30.0,27.3,36.9,24.0,264.0,2160.0,24.0,21.0,15.0,36.0,19.0,2.0,4.0,36.0,2.0,21.4,18.6,14.6,33.2,336.0,682.0,0.87,0.62,1.5,0.79,1.42,0.89,0.61,1.5,0.77,1.38,24.0,24.0,2160.0,37.0,1.54,129.0,92.0,74.4,5.0,5.0,14.0,4.0,16.7,4.0,4.0,0.0,0.0,0.0,37.0,4.0,1.0,3.0,0.0,31.7,0.23,-5.3,-0.22,162.0,453.0,35.8,502.0,87.0,55.4,41.5,196.0,89.3,59.2,391.0,28.0,7.2,17.0,0.71,10.5,21.0,231.0,74.0,32.0,9.62,3.08,0.08,0.26,19.5,9.0,2.0,4.0,21.4,18.6,0.08,-0.4,0.4,6522.0,8753.0,74.5,131945.0,50688.0,2274.0,2800.0,81.2,3147.0,3763.0,83.6,970.0,1809.0,53.6,15.0,14.6,10.7,0.4,163.0,513.0,108.0,44.0,682.0,8753.0,7576.0,1144.0,312.0,10.0,83.0,419.0,483.0,93.0,44.0,43.0,0.0,6522.0,33.0,212.0,407.0,16.96,265.0,43.0,24.0,31.0,32.0,12.0,36.0,1.5,27.0,3.0,2.0,1.0,2.0,1.0,413.0,247.0,213.0,145.0,55.0,176.0,383.0,46.0,207.0,296.0,84.0,212.0,256.0,669.0,578.0,4.0,36.9,11572.0,1420.0,4077.0,5244.0,2437.0,320.0,11568.0,470.0,200.0,42.6,250.0,53.2,7381.0,46222.0,19673.0,336.0,317.0,64.0,375.0,195.0,6463.0,674.0,36.0,2.0,0.0,298.0,267.0,33.0,419.0,256.0,247.0,4.0,4.0,0.0,1161.0,267.0,370.0,41.9,30.0,27.3,24.0,2160.0,90.0,100.0,24.0,264.0,82.0,160.0,102.0,20.0,114.0,0.83,21.0,37.0,-16.0,-0.67,21.4,37.5,-16.0,-0.67
9,2023-2024,Ligue-1,Monaco,27.0,25.7,53.0,24.0,264.0,2160.0,24.0,43.0,29.0,72.0,42.0,1.0,4.0,59.0,4.0,35.3,32.0,23.1,55.1,413.0,1192.0,1.79,1.21,3.0,1.75,2.96,1.47,0.96,2.43,1.33,2.3,24.0,24.0,2160.0,34.0,1.42,114.0,80.0,74.6,12.0,6.0,6.0,6.0,25.0,6.0,5.0,1.0,0.0,16.7,34.0,5.0,1.0,6.0,1.0,37.0,0.28,4.0,0.16,90.0,279.0,32.3,573.0,103.0,33.7,37.0,154.0,55.8,41.9,316.0,25.0,7.9,21.0,0.88,8.4,43.0,349.0,140.0,40.1,14.54,5.83,0.12,0.3,17.7,7.0,1.0,4.0,35.3,32.0,0.09,7.7,10.0,10278.0,12795.0,80.3,181061.0,66515.0,4387.0,5088.0,86.2,4558.0,5310.0,85.8,991.0,1731.0,57.3,29.0,23.1,29.1,5.9,253.0,969.0,245.0,27.0,1192.0,12795.0,11657.0,1085.0,318.0,62.0,47.0,353.0,425.0,131.0,35.0,63.0,0.0,10278.0,53.0,229.0,610.0,25.42,449.0,52.0,25.0,40.0,25.0,19.0,69.0,2.87,52.0,3.0,3.0,8.0,2.0,1.0,470.0,294.0,181.0,219.0,70.0,226.0,492.0,45.9,266.0,300.0,59.0,241.0,280.0,750.0,412.0,11.0,53.0,15554.0,1372.0,4068.0,7689.0,3978.0,585.0,15550.0,445.0,235.0,52.8,181.0,40.7,11317.0,61729.0,26580.0,413.0,416.0,121.0,408.0,226.0,10188.0,1184.0,59.0,4.0,2.0,352.0,277.0,53.0,353.0,280.0,294.0,4.0,6.0,1.0,1443.0,285.0,283.0,50.2,27.0,25.7,24.0,2160.0,90.0,100.0,24.0,264.0,85.0,177.0,83.0,15.0,133.0,1.75,44.0,34.0,10.0,0.42,35.3,31.2,4.1,0.17
10,2023-2024,Ligue-1,Montpellier,29.0,27.0,45.0,24.0,264.0,2160.0,24.0,26.0,17.0,43.0,22.0,4.0,4.0,50.0,1.0,32.4,29.4,22.6,52.0,398.0,872.0,1.08,0.71,1.79,0.92,1.62,1.35,0.94,2.29,1.23,2.17,24.0,24.0,2160.0,33.0,1.37,114.0,83.0,73.7,5.0,9.0,10.0,8.0,33.3,4.0,3.0,1.0,0.0,25.0,33.0,3.0,2.0,2.0,3.0,30.9,0.24,0.9,0.04,126.0,352.0,35.8,581.0,108.0,48.0,36.7,217.0,33.6,31.8,364.0,20.0,5.5,4.0,0.17,8.4,26.0,331.0,120.0,36.3,13.79,5.0,0.07,0.18,19.0,20.0,4.0,4.0,32.4,29.4,0.09,-6.4,-7.4,7909.0,10425.0,75.9,146556.0,58732.0,3188.0,3798.0,83.9,3321.0,3987.0,83.3,1059.0,1983.0,53.4,17.0,22.6,20.9,-5.6,225.0,665.0,159.0,43.0,872.0,10425.0,9181.0,1200.0,345.0,30.0,99.0,429.0,480.0,101.0,26.0,63.0,0.0,7909.0,44.0,238.0,564.0,23.5,374.0,60.0,35.0,40.0,45.0,10.0,42.0,1.75,27.0,3.0,6.0,4.0,2.0,0.0,438.0,265.0,247.0,130.0,61.0,227.0,506.0,44.9,279.0,287.0,105.0,182.0,225.0,663.0,520.0,4.0,45.0,13201.0,1550.0,4513.0,5845.0,3010.0,499.0,13197.0,435.0,209.0,48.0,195.0,44.8,8743.0,50826.0,24616.0,398.0,326.0,114.0,384.0,217.0,7816.0,857.0,50.0,1.0,0.0,306.0,321.0,44.0,429.0,225.0,265.0,2.0,4.0,3.0,1311.0,322.0,327.0,49.6,29.0,27.0,24.0,2160.0,90.0,100.0,24.0,264.0,83.0,167.0,96.0,19.0,118.0,1.0,27.0,33.0,-6.0,-0.25,32.4,32.9,-0.5,-0.02
11,2023-2024,Ligue-1,Nantes,35.0,27.4,45.2,24.0,264.0,2160.0,24.0,23.0,13.0,36.0,20.0,3.0,4.0,43.0,3.0,27.0,23.8,17.4,41.2,424.0,913.0,0.96,0.54,1.5,0.83,1.37,1.12,0.73,1.85,0.99,1.72,24.0,24.0,2160.0,36.0,1.5,115.0,79.0,73.9,7.0,4.0,13.0,6.0,25.0,7.0,6.0,0.0,1.0,0.0,36.0,6.0,0.0,2.0,0.0,37.3,0.3,1.3,0.05,128.0,374.0,34.2,671.0,110.0,36.8,30.7,204.0,62.3,45.2,358.0,28.0,7.8,22.0,0.92,0.0,23.0,272.0,94.0,34.6,11.33,3.92,0.07,0.21,18.2,12.0,3.0,4.0,27.0,23.8,0.09,-4.0,-3.8,8855.0,11163.0,79.3,158602.0,59121.0,3770.0,4294.0,87.8,3849.0,4486.0,85.8,927.0,1792.0,51.7,13.0,17.4,21.0,-4.4,193.0,722.0,173.0,55.0,913.0,11163.0,10043.0,1085.0,286.0,38.0,44.0,452.0,413.0,122.0,52.0,44.0,0.0,8855.0,35.0,191.0,477.0,19.87,359.0,27.0,27.0,32.0,22.0,10.0,36.0,1.5,23.0,4.0,1.0,3.0,5.0,0.0,413.0,257.0,214.0,160.0,39.0,216.0,431.0,50.1,215.0,251.0,72.0,179.0,243.0,656.0,478.0,2.0,45.2,13720.0,1636.0,4503.0,6354.0,2993.0,465.0,13716.0,326.0,158.0,48.5,147.0,45.1,9686.0,53045.0,23815.0,424.0,312.0,104.0,361.0,182.0,8782.0,904.0,43.0,3.0,0.0,293.0,266.0,35.0,452.0,243.0,257.0,4.0,7.0,0.0,1195.0,261.0,294.0,47.0,35.0,27.4,24.0,2160.0,90.0,100.0,24.0,264.0,81.0,154.0,107.0,21.0,109.0,1.04,23.0,36.0,-13.0,-0.54,27.0,37.8,-10.8,-0.45
12,2023-2024,Ligue-1,Nice,26.0,26.6,53.3,24.0,264.0,2160.0,24.0,22.0,12.0,34.0,19.0,3.0,4.0,43.0,3.0,33.8,30.6,23.3,54.0,468.0,904.0,0.92,0.5,1.42,0.79,1.29,1.41,0.97,2.38,1.28,2.25,24.0,24.0,2160.0,17.0,0.71,69.0,49.0,78.3,11.0,7.0,6.0,14.0,58.3,5.0,2.0,3.0,0.0,60.0,17.0,2.0,0.0,0.0,0.0,21.4,0.24,4.4,0.18,50.0,116.0,43.1,722.0,111.0,13.2,23.0,132.0,15.9,21.6,247.0,17.0,6.9,12.0,0.5,11.8,22.0,327.0,106.0,32.4,13.62,4.42,0.06,0.18,17.1,9.0,3.0,4.0,33.8,30.6,0.1,-11.8,-11.6,11214.0,13261.0,84.6,183678.0,62984.0,5514.0,6083.0,90.6,4578.0,5156.0,88.8,758.0,1372.0,55.2,12.0,23.3,21.5,-11.3,235.0,655.0,189.0,56.0,904.0,13261.0,12203.0,1017.0,296.0,30.0,36.0,434.0,414.0,134.0,56.0,59.0,1.0,11214.0,41.0,203.0,573.0,23.87,414.0,43.0,42.0,38.0,23.0,13.0,39.0,1.62,26.0,2.0,4.0,3.0,4.0,0.0,385.0,218.0,163.0,162.0,60.0,201.0,356.0,56.5,155.0,285.0,81.0,204.0,198.0,583.0,352.0,8.0,53.3,15846.0,1547.0,5205.0,7711.0,3127.0,537.0,15842.0,532.0,280.0,52.6,227.0,42.7,12064.0,67408.0,31173.0,468.0,430.0,118.0,417.0,249.0,11096.0,890.0,43.0,3.0,0.0,284.0,266.0,41.0,434.0,198.0,218.0,4.0,5.0,0.0,1278.0,277.0,251.0,52.5,26.0,26.6,24.0,2160.0,90.0,100.0,24.0,264.0,82.0,150.0,112.0,18.0,104.0,1.67,23.0,17.0,6.0,0.25,33.8,24.9,8.9,0.37
13,2023-2024,Ligue-1,Paris S-G,27.0,25.5,64.9,24.0,264.0,2160.0,24.0,53.0,37.0,90.0,46.0,7.0,9.0,34.0,2.0,49.6,42.4,35.0,77.4,626.0,1389.0,2.21,1.54,3.75,1.92,3.46,2.07,1.46,3.52,1.76,3.22,24.0,24.0,2158.0,19.0,0.79,99.0,79.0,82.8,16.0,7.0,1.0,10.0,41.7,3.0,2.0,1.0,0.0,33.3,19.0,2.0,0.0,3.0,0.0,27.9,0.26,8.9,0.37,35.0,89.0,39.3,642.0,109.0,11.5,24.5,139.0,10.8,21.0,282.0,14.0,5.0,25.0,1.04,4.0,53.0,346.0,131.0,37.9,14.42,5.46,0.13,0.35,17.6,12.0,7.0,9.0,49.6,42.4,0.12,3.4,3.6,15147.0,17142.0,88.4,258552.0,76287.0,6641.0,7273.0,91.3,6996.0,7569.0,92.4,1082.0,1551.0,69.8,37.0,35.0,32.3,2.0,290.0,1229.0,257.0,35.0,1389.0,17142.0,16115.0,988.0,294.0,56.0,75.0,341.0,384.0,130.0,42.0,34.0,0.0,15147.0,39.0,225.0,657.0,27.37,513.0,28.0,54.0,21.0,31.0,10.0,97.0,4.04,73.0,1.0,9.0,5.0,9.0,0.0,414.0,256.0,174.0,156.0,84.0,206.0,440.0,46.8,234.0,263.0,86.0,177.0,196.0,610.0,352.0,13.0,64.9,19768.0,1664.0,5176.0,9622.0,5151.0,704.0,19759.0,614.0,299.0,48.7,271.0,44.1,15991.0,81661.0,39291.0,626.0,522.0,226.0,360.0,216.0,15021.0,1381.0,34.0,2.0,1.0,254.0,272.0,39.0,341.0,196.0,256.0,9.0,3.0,0.0,1308.0,186.0,192.0,49.2,27.0,25.5,24.0,2160.0,90.0,100.0,24.0,264.0,82.0,165.0,97.0,22.0,119.0,2.29,54.0,19.0,35.0,1.46,49.6,28.0,21.5,0.9
14,2023-2024,Ligue-1,Reims,27.0,26.7,52.4,24.0,264.0,2160.0,24.0,29.0,21.0,50.0,27.0,2.0,3.0,43.0,1.0,33.2,30.8,24.7,55.5,443.0,1055.0,1.21,0.87,2.08,1.13,2.0,1.38,1.03,2.41,1.28,2.31,24.0,24.0,2160.0,32.0,1.33,92.0,59.0,68.5,10.0,4.0,10.0,6.0,25.0,4.0,3.0,1.0,0.0,25.0,32.0,3.0,0.0,3.0,0.0,28.9,0.28,-3.1,-0.13,91.0,237.0,38.4,760.0,124.0,24.9,29.6,162.0,29.6,29.0,342.0,26.0,7.6,29.0,1.21,13.9,29.0,298.0,92.0,30.9,12.42,3.83,0.09,0.29,16.8,7.0,2.0,3.0,33.2,30.8,0.11,-4.2,-3.8,9693.0,12174.0,79.6,181862.0,61250.0,3659.0,4331.0,84.5,4609.0,5260.0,87.6,1153.0,1970.0,58.5,21.0,24.7,26.2,-3.7,229.0,814.0,180.0,59.0,1055.0,12174.0,10967.0,1146.0,265.0,34.0,79.0,461.0,534.0,129.0,48.0,63.0,0.0,9693.0,61.0,241.0,523.0,21.79,382.0,37.0,43.0,42.0,14.0,5.0,52.0,2.17,39.0,2.0,6.0,1.0,3.0,1.0,442.0,275.0,200.0,182.0,60.0,224.0,451.0,49.7,227.0,274.0,78.0,196.0,246.0,688.0,456.0,7.0,52.4,14958.0,1523.0,4645.0,6953.0,3531.0,521.0,14955.0,493.0,245.0,49.7,218.0,44.2,10591.0,62298.0,29246.0,443.0,345.0,108.0,402.0,199.0,9598.0,1042.0,43.0,1.0,1.0,304.0,226.0,61.0,461.0,246.0,275.0,3.0,4.0,0.0,1365.0,279.0,272.0,50.6,27.0,26.7,24.0,2160.0,90.0,100.0,24.0,264.0,83.0,155.0,108.0,17.0,108.0,1.42,30.0,32.0,-2.0,-0.08,33.2,29.3,3.9,0.16
15,2023-2024,Ligue-1,Rennes,29.0,25.9,51.7,24.0,264.0,2160.0,24.0,36.0,17.0,53.0,29.0,7.0,8.0,43.0,3.0,36.8,30.5,21.7,52.2,415.0,1117.0,1.5,0.71,2.21,1.21,1.92,1.53,0.9,2.43,1.27,2.18,24.0,24.0,2160.0,29.0,1.21,103.0,76.0,73.8,9.0,8.0,7.0,5.0,20.8,2.0,2.0,0.0,0.0,0.0,29.0,2.0,0.0,4.0,2.0,24.8,0.22,-2.2,-0.09,93.0,322.0,28.9,734.0,104.0,31.6,32.4,154.0,58.4,42.5,330.0,21.0,6.4,26.0,1.08,15.4,36.0,331.0,110.0,33.2,13.79,4.58,0.09,0.26,17.8,12.0,7.0,8.0,36.8,30.5,0.1,-0.8,-1.5,10327.0,12552.0,82.3,189833.0,63921.0,4010.0,4603.0,87.1,4913.0,5564.0,88.3,1096.0,1784.0,61.4,17.0,21.7,24.1,-4.7,243.0,863.0,215.0,45.0,1117.0,12552.0,11428.0,1098.0,326.0,26.0,60.0,385.0,458.0,107.0,38.0,48.0,0.0,10327.0,26.0,200.0,597.0,24.87,420.0,46.0,41.0,45.0,31.0,14.0,61.0,2.54,34.0,1.0,6.0,11.0,7.0,2.0,386.0,229.0,190.0,136.0,60.0,206.0,388.0,53.1,182.0,271.0,84.0,187.0,245.0,631.0,438.0,6.0,51.7,15206.0,1546.0,4682.0,6947.0,3739.0,548.0,15198.0,473.0,242.0,51.2,199.0,42.1,11182.0,65101.0,31015.0,415.0,416.0,102.0,360.0,224.0,10225.0,1108.0,43.0,3.0,0.0,273.0,297.0,26.0,385.0,245.0,229.0,7.0,2.0,2.0,1220.0,269.0,293.0,47.9,29.0,25.9,24.0,2160.0,90.0,100.0,24.0,264.0,81.0,148.0,115.0,19.0,100.0,1.46,36.0,29.0,7.0,0.29,36.8,28.4,8.4,0.35
16,2023-2024,Ligue-1,Strasbourg,28.0,24.9,43.0,24.0,264.0,2160.0,24.0,23.0,15.0,38.0,21.0,2.0,2.0,44.0,2.0,29.0,27.4,22.5,49.9,399.0,810.0,0.96,0.62,1.58,0.87,1.5,1.21,0.94,2.15,1.14,2.08,24.0,24.0,2160.0,37.0,1.54,93.0,58.0,62.4,6.0,8.0,10.0,3.0,12.5,3.0,2.0,1.0,0.0,33.3,37.0,2.0,0.0,2.0,3.0,29.0,0.28,-5.0,-0.21,104.0,280.0,37.1,594.0,94.0,40.1,34.5,180.0,23.3,26.8,335.0,15.0,4.5,25.0,1.04,13.9,23.0,264.0,84.0,31.8,11.0,3.5,0.08,0.25,18.0,8.0,2.0,2.0,29.0,27.4,0.11,-6.0,-6.4,8185.0,10342.0,79.1,155563.0,54684.0,3041.0,3587.0,84.8,3986.0,4612.0,86.4,961.0,1708.0,56.3,15.0,22.5,21.1,-7.5,207.0,607.0,163.0,53.0,810.0,10342.0,9240.0,1075.0,346.0,31.0,50.0,395.0,406.0,82.0,39.0,33.0,1.0,8185.0,27.0,166.0,459.0,19.13,328.0,42.0,30.0,23.0,25.0,11.0,40.0,1.67,20.0,5.0,3.0,6.0,4.0,2.0,452.0,277.0,230.0,178.0,44.0,230.0,438.0,52.5,208.0,293.0,86.0,207.0,265.0,717.0,478.0,10.0,43.0,13097.0,1650.0,4596.0,5910.0,2769.0,415.0,13095.0,449.0,227.0,50.6,188.0,41.9,9067.0,55474.0,25472.0,399.0,350.0,77.0,362.0,237.0,8116.0,803.0,44.0,2.0,1.0,339.0,287.0,27.0,395.0,265.0,277.0,2.0,3.0,3.0,1174.0,266.0,281.0,48.6,28.0,24.9,24.0,2160.0,90.0,100.0,24.0,264.0,82.0,160.0,103.0,20.0,113.0,1.08,25.0,37.0,-12.0,-0.5,29.0,32.4,-3.4,-0.14
17,2023-2024,Ligue-1,Toulouse,26.0,24.5,48.3,24.0,264.0,2160.0,24.0,27.0,19.0,46.0,23.0,4.0,7.0,60.0,0.0,28.3,22.7,18.0,40.7,379.0,998.0,1.13,0.79,1.92,0.96,1.75,1.18,0.75,1.93,0.95,1.7,24.0,24.0,2160.0,32.0,1.33,99.0,67.0,71.7,7.0,8.0,9.0,4.0,16.7,4.0,4.0,0.0,0.0,0.0,32.0,4.0,1.0,4.0,0.0,34.0,0.3,2.0,0.08,68.0,222.0,30.6,481.0,67.0,31.4,29.7,173.0,41.0,33.6,384.0,4.0,1.0,12.0,0.5,10.2,27.0,282.0,95.0,33.7,11.75,3.96,0.08,0.24,17.5,9.0,4.0,7.0,28.3,22.7,0.08,-1.3,0.3,9136.0,11509.0,79.4,162796.0,57772.0,3898.0,4555.0,85.6,4118.0,4821.0,85.4,878.0,1561.0,56.2,19.0,18.0,21.1,1.0,207.0,736.0,185.0,45.0,998.0,11509.0,10395.0,1085.0,326.0,40.0,72.0,375.0,426.0,104.0,30.0,61.0,0.0,9136.0,29.0,252.0,491.0,20.46,334.0,43.0,30.0,40.0,27.0,17.0,49.0,2.04,35.0,5.0,1.0,2.0,6.0,0.0,445.0,264.0,219.0,174.0,52.0,214.0,442.0,48.4,228.0,312.0,109.0,203.0,217.0,662.0,548.0,4.0,48.3,14254.0,1536.0,4398.0,6811.0,3198.0,518.0,14247.0,414.0,206.0,49.8,181.0,43.7,9833.0,53436.0,24639.0,379.0,305.0,102.0,355.0,185.0,9050.0,992.0,60.0,0.0,0.0,355.0,307.0,29.0,375.0,217.0,264.0,7.0,4.0,0.0,1288.0,351.0,303.0,53.7,26.0,24.5,24.0,2160.0,90.0,100.0,24.0,264.0,82.0,155.0,109.0,19.0,107.0,1.21,27.0,32.0,-5.0,-0.21,28.3,36.7,-8.4,-0.35
